-----------------------------------
--1. 사용자정보 T_MEMBER
SELECT * FROM T_MEMBER;

<<<<<<< HEAD
INSERT INTO T_MEMBER(ID, PW, NAME, MOBILE_NO, RRN, GENDER, NATIVE, MANAGER_NO, USER_TYPE, AGE, ADDRESS, ADDRESS_DETAIL) VALUES ('test1', 'test1', '구본성', '010-4773-9853', '950101-1111111', 'M', 'N', '1001', 1,27, '경기 광명시', '융기원');
INSERT INTO T_MEMBER(ID, PW, NAME, MOBILE_NO, RRN, GENDER, NATIVE, MANAGER_NO, USER_TYPE, AGE, ADDRESS, ADDRESS_DETAIL) VALUES ('test2', 'test2', '안효진', '010-1111-2222', '950101-2111111', 'M', 'N', '1002', 2,25, '서울 영등포구', '용산');
INSERT INTO T_MEMBER(ID, PW, NAME, MOBILE_NO, RRN, GENDER, NATIVE, MANAGER_NO, USER_TYPE, AGE, ADDRESS, ADDRESS_DETAIL) VALUES ('test3', 'test3', '윤정환', '010-3333-4444', '920101-1111111', 'M', 'N', '1003', 2,27, '서울 영등포구', '용산');
INSERT INTO T_MEMBER(ID, PW, NAME, MOBILE_NO, RRN, GENDER, NATIVE, MANAGER_NO, USER_TYPE, AGE, ADDRESS, ADDRESS_DETAIL) VALUES ('test4', 'test4', '황준호', '010-5555-6666', '940101-1111111', 'M', 'N', '1004', 2,28, '서울 영등포구', '용산');
INSERT INTO T_MEMBER(ID, PW, NAME, MOBILE_NO, RRN, GENDER, NATIVE, MANAGER_NO, USER_TYPE, AGE, ADDRESS, ADDRESS_DETAIL) VALUES ('test5', 'test5', '안종범', '010-7777-8888', '930101-1111111', 'M', 'N', '1005', 2,29, '서울 영등포구', '용산');
INSERT INTO T_MEMBER(ID, PW, NAME, MOBILE_NO, RRN, GENDER, NATIVE, MANAGER_NO, USER_TYPE, AGE, ADDRESS, ADDRESS_DETAIL) VALUES ('test6', 'test6', '김회원', '010-1111-1112', '950101-1111112', 'M', 'N', '1006', 2,30, '서울 영등포구', '용산');
INSERT INTO T_MEMBER(ID, PW, NAME, MOBILE_NO, RRN, GENDER, NATIVE, MANAGER_NO, USER_TYPE, AGE, ADDRESS, ADDRESS_DETAIL) VALUES ('test7', 'test7', '안회원', '010-1111-2223', '950101-1111113', 'M', 'N', '1007', 21,31, '서울 영등포구', '용산');
INSERT INTO T_MEMBER(ID, PW, NAME, MOBILE_NO, RRN, GENDER, NATIVE, MANAGER_NO, USER_TYPE, AGE, ADDRESS, ADDRESS_DETAIL) VALUES ('test8', 'test8', '조회원', '010-1111-2224', '950101-1111114', 'F', 'N', '1008', 2,32, '서울 영등포구', '용산');
INSERT INTO T_MEMBER(ID, PW, NAME, MOBILE_NO, RRN, GENDER, NATIVE, MANAGER_NO, USER_TYPE, AGE, ADDRESS, ADDRESS_DETAIL) VALUES ('test9', 'test9', '윤회원', '010-1111-2225', '950101-1111115', 'F', 'F', '1009', 2,25, '서울 영등포구', '용산');
INSERT INTO T_MEMBER(ID, PW, NAME, MOBILE_NO, RRN, GENDER, NATIVE, MANAGER_NO, USER_TYPE, AGE, ADDRESS, ADDRESS_DETAIL) VALUES ('test10', 'test10', '구회원', '010-1111-2226', '950101-1111161', 'F', 'F', '1010', 1,25, '서울 영등포구', '용산');
=======
INSERT INTO T_MEMBER(ID, PW, NAME, MOBILE_NO, RRN, BIRTHDAY, AGE, GENDER, ISNATIVE, ADDRESS, ADDRESS_DETAIL) VALUES ('test1', 'test1', '구본성', '01047739853', '950101-1111111', '19950602', 26, 'M', 'N', '경기 광명시', '융기원');
INSERT INTO T_MEMBER(ID, PW, NAME, MOBILE_NO, RRN, BIRTHDAY, AGE, GENDER, ISNATIVE, ADDRESS, ADDRESS_DETAIL) VALUES ('test2', 'test2', '구본성', '01047739853', '950101-1111112', TO_DATE('1995-06-02'), 26, 'M', 'N', '경기 광명시', '융기원');
INSERT INTO T_MEMBER(ID, PW, NAME, MOBILE_NO, RRN, BIRTHDAY, AGE, GENDER, ISNATIVE, ADDRESS, ADDRESS_DETAIL) VALUES ('test3', 'test3', '구본성', '01047739853', '950101-1111113', TO_DATE('1995-06-02'), 26, 'M', 'N', '경기 광명시', '융기원');


commit;

-----------------------------------
--2. 카드정보 CARD
SELECT * FROM CARD;

INSERT INTO CARD (CARD_CODE, CARD_NAME, CARD_CATEGORY) VALUES ('1001', '모두의 신세계 하나카드', 'CREDIT');
INSERT INTO CARD (CARD_CODE, CARD_NAME, CARD_CATEGORY) VALUES ('1002', 'MULTI ON', 'CREDIT');
INSERT INTO CARD (CARD_CODE, CARD_NAME, CARD_CATEGORY) VALUES ('1003', 'MULTI Living', 'CREDIT');
INSERT INTO CARD (CARD_CODE, CARD_NAME, CARD_CATEGORY) VALUES ('1004', 'MULTI Young', 'CREDIT');
INSERT INTO CARD (CARD_CODE, CARD_NAME, CARD_CATEGORY) VALUES ('1005', '하나 국민행복카드', 'CREDIT');
INSERT INTO CARD (CARD_CODE, CARD_NAME, CARD_CATEGORY) VALUES ('1006', 'CLUB SK (클럽SK)', 'CREDIT');
INSERT INTO CARD (CARD_CODE, CARD_NAME, CARD_CATEGORY) VALUES ('1007', 'MULTI Any', 'CREDIT');
INSERT INTO CARD (CARD_CODE, CARD_NAME, CARD_CATEGORY) VALUES ('1008', '모두의 건강', 'CREDIT');
INSERT INTO CARD (CARD_CODE, CARD_NAME, CARD_CATEGORY) VALUES ('1009', 'MULTI Oil', 'CREDIT');
INSERT INTO CARD (CARD_CODE, CARD_NAME, CARD_CATEGORY) VALUES ('1010', 'Mile 1.6 대한항공', 'CREDIT');
INSERT INTO CARD (CARD_CODE, CARD_NAME, CARD_CATEGORY) VALUES ('1011', 'Any PLUS (애니플러스)', 'CREDIT');
INSERT INTO CARD (CARD_CODE, CARD_NAME, CARD_CATEGORY) VALUES ('1012', 'My Trip SKYPASS 카드', 'CREDIT');
INSERT INTO CARD (CARD_CODE, CARD_NAME, CARD_CATEGORY) VALUES ('1013', '1Q Shopping+ (원큐 쇼핑플러스)', 'CREDIT');
INSERT INTO CARD (CARD_CODE, CARD_NAME, CARD_CATEGORY) VALUES ('1014', 'My Trip AsianaClub 카드', 'CREDIT');
INSERT INTO CARD (CARD_CODE, CARD_NAME, CARD_CATEGORY) VALUES ('1015', '통커 카드', 'CREDIT');
INSERT INTO CARD (CARD_CODE, CARD_NAME, CARD_CATEGORY) VALUES ('1016', 'CLUB Signature SKYPASS', 'CREDIT');
INSERT INTO CARD (CARD_CODE, CARD_NAME, CARD_CATEGORY) VALUES ('1017', '#tag1카드 Navy (태그원카드 네이비)', 'CREDIT');
INSERT INTO CARD (CARD_CODE, CARD_NAME, CARD_CATEGORY) VALUES ('1018', '하나멤버스 1Q카드 내맘대로', 'CREDIT');
INSERT INTO CARD (CARD_CODE, CARD_NAME, CARD_CATEGORY) VALUES ('1019', '모두의 쇼핑', 'CREDIT');
INSERT INTO CARD (CARD_CODE, CARD_NAME, CARD_CATEGORY) VALUES ('1020', '1Q Special+ (원큐 스페셜플러스)', 'CREDIT');
INSERT INTO CARD (CARD_CODE, CARD_NAME, CARD_CATEGORY) VALUES ('1021', 'CLUB PREMIER 카드 [Travel]', 'CREDIT');
INSERT INTO CARD (CARD_CODE, CARD_NAME, CARD_CATEGORY) VALUES ('1022', 'CLUB Primus Skypass', 'CREDIT');
INSERT INTO CARD (CARD_CODE, CARD_NAME, CARD_CATEGORY) VALUES ('1023', '1Q Daily+ (원큐 데일리플러스)', 'CREDIT');
INSERT INTO CARD (CARD_CODE, CARD_NAME, CARD_CATEGORY) VALUES ('1024', 'CLUB PREMIER 카드 [Hotel]', 'CREDIT');
INSERT INTO CARD (CARD_CODE, CARD_NAME, CARD_CATEGORY) VALUES ('1025', 'Smart Any (스마트애니)', 'CREDIT');
INSERT INTO CARD (CARD_CODE, CARD_NAME, CARD_CATEGORY) VALUES ('1026', '#tag1카드 Orange (태그원카드 오렌지)', 'CREDIT');
INSERT INTO CARD (CARD_CODE, CARD_NAME, CARD_CATEGORY) VALUES ('1027', '하나 BC 그린카드 [전국형]', 'CREDIT');
INSERT INTO CARD (CARD_CODE, CARD_NAME, CARD_CATEGORY) VALUES ('1028', 'my pass 마패 카드', 'CREDIT');
INSERT INTO CARD (CARD_CODE, CARD_NAME, CARD_CATEGORY) VALUES ('1029', 'CLUB Signature Asiana Club', 'CREDIT');
INSERT INTO CARD (CARD_CODE, CARD_NAME, CARD_CATEGORY) VALUES ('1030', '1Q Global VIVA (원큐 글로벌 비바)', 'CREDIT');
INSERT INTO CARD (CARD_CODE, CARD_NAME, CARD_CATEGORY) VALUES ('1031', 'Mile 1.6 아시아나', 'CREDIT');


-----------------------------------
--3. 신용카드공지사항 CREDIT_CARD_NOTICE (~214)
select * from credit_card_notice;

INSERT INTO CREDIT_CARD_NOTICE (CARD_NAME, EDUCATION, AUTOMOBILES, SHOPPING, LEISURE, PRIORITY_PASS, FINANCE, AIR_MILEAGE, BEAUTY, COMMUNICATION, EAT_OUT, NATIONAL_VOUCHER, CULTURE, CAFE_BAKERY, MEDICAL, PREMIUM, ANNUAL_FEE_SUPPORT, VOUCHER, ALWAYS_DISCOUNT, PUBLIC_TRANSPORTATION, MOVIE, POINT_CASHBACK, EASY_PAY, HYPERMART, RENTAL, OIL, MAINTENANCE, CVS) 
VALUES ('모두의 신세계 하나카드', NULL, NULL, '백화점, 아카데미 5% 청구 할인
시코르닷컴 5% 청구 할인', '놀이공원, 워터파크 30% 청구 할인
프로야구, 프로축구 30% 청구 할인', NULL, NULL, NULL, NULL, NULL, NULL, NULL, NULL, '카페 20% 청구 할인
베이커리 20% 청구 할인', NULL, NULL, NULL, NULL, NULL, '택시 20% 청구 할인 ', NULL, NULL, '페이결제 5% 청구할인 제공', '', '', '', '', '');

INSERT INTO CREDIT_CARD_NOTICE (CARD_NAME, EDUCATION, AUTOMOBILES, SHOPPING, LEISURE, PRIORITY_PASS, FINANCE, AIR_MILEAGE, BEAUTY, COMMUNICATION, EAT_OUT, NATIONAL_VOUCHER, CULTURE, CAFE_BAKERY, MEDICAL, PREMIUM, ANNUAL_FEE_SUPPORT, VOUCHER, ALWAYS_DISCOUNT, PUBLIC_TRANSPORTATION, MOVIE, POINT_CASHBACK, EASY_PAY, HYPERMART, RENTAL, OIL, MAINTENANCE, CVS) 
VALUES ('MULTI ON', NULL, NULL, '온라인쇼핑 2% 적립
쿠팡 로켓와우 구독 4% 적립', NULL, NULL, NULL, NULL, NULL, NULL, '딜리버리 3% 적립', NULL, '디지털 구독 4% 적립', NULL, NULL, NULL, NULL, NULL, '전 가맹점 0.7% 적립', NULL, NULL, NULL, '페이결제 1% 적립', '', '', '', '', '');

INSERT INTO CREDIT_CARD_NOTICE (CARD_NAME, EDUCATION, AUTOMOBILES, SHOPPING, LEISURE, PRIORITY_PASS, FINANCE, AIR_MILEAGE, BEAUTY, COMMUNICATION, EAT_OUT, NATIONAL_VOUCHER, CULTURE, CAFE_BAKERY, MEDICAL, PREMIUM, ANNUAL_FEE_SUPPORT, VOUCHER, ALWAYS_DISCOUNT, PUBLIC_TRANSPORTATION, MOVIE, POINT_CASHBACK, EASY_PAY, HYPERMART, RENTAL, OIL, MAINTENANCE, CVS) 
VALUES ('MULTI Living', NULL, NULL, '(주중) 온라인쇼핑 10% 할인
(주말) 백화점 10% 할인', NULL, NULL, NULL, NULL, NULL, '(매일) 통신요금 자동이체 5% 할인', NULL, NULL, NULL, NULL, NULL, NULL, NULL, NULL, NULL, NULL, NULL, NULL, '(매일) 페이결제 1% 할인', '(주중) 대형마트 최대 10% 할인', NULL, '(주말) 주유/LPG 10% 할인', '(매일) 전기/도시가스요금 5% 할인', '');

INSERT INTO CREDIT_CARD_NOTICE (CARD_NAME, EDUCATION, AUTOMOBILES, SHOPPING, LEISURE, PRIORITY_PASS, FINANCE, AIR_MILEAGE, BEAUTY, COMMUNICATION, EAT_OUT, NATIONAL_VOUCHER, CULTURE, CAFE_BAKERY, MEDICAL, PREMIUM, ANNUAL_FEE_SUPPORT, VOUCHER, ALWAYS_DISCOUNT, PUBLIC_TRANSPORTATION, MOVIE, POINT_CASHBACK, EASY_PAY, HYPERMART, RENTAL, OIL, MAINTENANCE, CVS) 
VALUES ('MULTI Young', NULL, NULL, NULL, NULL, NULL, NULL, NULL, NULL, '통신요금 자동이체 10% 청구 할인', '딜리버리 10% 청구 할인', NULL, '디지털 구독 30% 청구 할인', NULL, NULL, NULL, NULL, NULL, NULL, '버스, 지하철 10% 청구 할인 제공', NULL, NULL, '페이결제 1% 청구 할인 제공', NULL, NULL, NULL, '전기/도시가스요금 10% 청구 할인', '편의점 10% 청구 할인');

INSERT INTO CREDIT_CARD_NOTICE (CARD_NAME, EDUCATION, AUTOMOBILES, SHOPPING, LEISURE, PRIORITY_PASS, FINANCE, AIR_MILEAGE, BEAUTY, COMMUNICATION, EAT_OUT, NATIONAL_VOUCHER, CULTURE, CAFE_BAKERY, MEDICAL, PREMIUM, ANNUAL_FEE_SUPPORT, VOUCHER, ALWAYS_DISCOUNT, PUBLIC_TRANSPORTATION, MOVIE, POINT_CASHBACK, EASY_PAY, HYPERMART, RENTAL, OIL, MAINTENANCE, CVS) 
VALUES ('하나 국민행복카드', '보육료/유아학비 할인 서비스', NULL, NULL, NULL, NULL, NULL, NULL, NULL, NULL, NULL, '임신, 출산 진료비 지원(정부지원금)
청소년산모 임신, 출산 의료비 지원', NULL, '커피 전문점 10% 청구할인', '병원, 약국 업종 5% 청구할인
산모, 신생아 건강관리 지원사업
여성청소년 위생용품 바우처 지원', '', '', '', '', '', '', '', '', '', '', '', '', '');

INSERT INTO CREDIT_CARD_NOTICE (CARD_NAME, EDUCATION, AUTOMOBILES, SHOPPING, LEISURE, PRIORITY_PASS, FINANCE, AIR_MILEAGE, BEAUTY, COMMUNICATION, EAT_OUT, NATIONAL_VOUCHER, CULTURE, CAFE_BAKERY, MEDICAL, PREMIUM, ANNUAL_FEE_SUPPORT, VOUCHER, ALWAYS_DISCOUNT, PUBLIC_TRANSPORTATION, MOVIE, POINT_CASHBACK, EASY_PAY, HYPERMART, RENTAL, OIL, MAINTENANCE, CVS) 
VALUES ('CLUB SK (클럽SK)', '학원 업종 최대 10% 할인
마트/학원 서비스 제공 조건', '스피드메이트 엔진오일 교환 할인
영화/외식/커피/차량 서비스제공조건', '신라면세점 VIP멤버십 제공', NULL, NULL, '하나은행 자동화기기 수수료 10회면제', NULL, NULL, 'SKT 통신비 최대 1만5천원 할인
T membership 서비스 제공
이동통신 요금 할인 유의 사항 
통신 서비스 제공 조건', '아웃백,TGIF 최대 10%할인
영화/외식/커피/차량 서비스제공조건', NULL, NULL, '커피전문점 최대 5% 할인
영화/외식/커피/차량 서비스제공조건', NULL, NULL, '신규 회원 연회비 캐쉬백 이벤트!', 'Smarⓣ 여행서비스', NULL, '대중교통 최대 7% 할인
대중교통 서비스 제공 조건', '영화 최대 3천원 할인
영화/외식/커피/차량 서비스제공조건', 'OK캐쉬백포인트 적립 및 사용', NULL, '대형마트 최대 10%할인
마트/학원 서비스 제공 조건', NULL, 'SK주유 리터당 최대 150원 할인
SK충전소 리터당 최대 70원 할인
주유/충전 할인 유의 사항 
주유/충전 서비스 제공 조건', '', '');

INSERT INTO CREDIT_CARD_NOTICE (CARD_NAME, EDUCATION, AUTOMOBILES, SHOPPING, LEISURE, PRIORITY_PASS, FINANCE, AIR_MILEAGE, BEAUTY, COMMUNICATION, EAT_OUT, NATIONAL_VOUCHER, CULTURE, CAFE_BAKERY, MEDICAL, PREMIUM, ANNUAL_FEE_SUPPORT, VOUCHER, ALWAYS_DISCOUNT, PUBLIC_TRANSPORTATION, MOVIE, POINT_CASHBACK, EASY_PAY, HYPERMART, RENTAL, OIL, MAINTENANCE, CVS) 
VALUES ('MULTI Any', NULL, NULL, '백화점 2% 하나머니 적립', NULL, NULL, NULL, NULL, NULL, NULL, '배달의민족,요기요 3% 하나머니 적립', NULL, NULL, NULL, NULL, NULL, NULL, NULL, '전가맹점 0.7% 하나머니 적립', '버스, 지하철 4% 하나머니 적립', NULL, NULL, '페이결제 1% 하나머니 적립', '대형마트, SSM 2% 하나머니 적립', '', '', '', '');

INSERT INTO CREDIT_CARD_NOTICE (CARD_NAME, EDUCATION, AUTOMOBILES, SHOPPING, LEISURE, PRIORITY_PASS, FINANCE, AIR_MILEAGE, BEAUTY, COMMUNICATION, EAT_OUT, NATIONAL_VOUCHER, CULTURE, CAFE_BAKERY, MEDICAL, PREMIUM, ANNUAL_FEE_SUPPORT, VOUCHER, ALWAYS_DISCOUNT, PUBLIC_TRANSPORTATION, MOVIE, POINT_CASHBACK, EASY_PAY, HYPERMART, RENTAL, OIL, MAINTENANCE, CVS) 
VALUES ('모두의 건강', NULL, NULL, '온라인 5% 하나머니 적립', '골프/레저 5% 하나머니 적립', NULL, NULL, NULL, NULL, NULL, '저녁식사 5% 하나머니 적립', NULL, NULL, '커피 5% 하나머니 적립', '병원 5% 하나머니 적립', NULL, '신규 회원 연회비 캐쉬백 이벤트!', NULL, NULL, NULL, NULL, NULL, NULL, '대형마트 5% 하나머니 적립', '', '', '', '');

INSERT INTO CREDIT_CARD_NOTICE (CARD_NAME, EDUCATION, AUTOMOBILES, SHOPPING, LEISURE, PRIORITY_PASS, FINANCE, AIR_MILEAGE, BEAUTY, COMMUNICATION, EAT_OUT, NATIONAL_VOUCHER, CULTURE, CAFE_BAKERY, MEDICAL, PREMIUM, ANNUAL_FEE_SUPPORT, VOUCHER, ALWAYS_DISCOUNT, PUBLIC_TRANSPORTATION, MOVIE, POINT_CASHBACK, EASY_PAY, HYPERMART, RENTAL, OIL, MAINTENANCE, CVS) 
VALUES ('MULTI Oil', NULL, '스피드메이트 엔진 오일 교환 할인', NULL, NULL, NULL, NULL, NULL, NULL, NULL, NULL, NULL, NULL, '카페 5% 청구할인', NULL, NULL, NULL, NULL, NULL, NULL, NULL, NULL, '페이결제 1% 청구 할인', NULL, NULL, '주유/LPG 10% 할인', '', '');

INSERT INTO CREDIT_CARD_NOTICE (CARD_NAME, EDUCATION, AUTOMOBILES, SHOPPING, LEISURE, PRIORITY_PASS, FINANCE, AIR_MILEAGE, BEAUTY, COMMUNICATION, EAT_OUT, NATIONAL_VOUCHER, CULTURE, CAFE_BAKERY, MEDICAL, PREMIUM, ANNUAL_FEE_SUPPORT, VOUCHER, ALWAYS_DISCOUNT, PUBLIC_TRANSPORTATION, MOVIE, POINT_CASHBACK, EASY_PAY, HYPERMART, RENTAL, OIL, MAINTENANCE, CVS) 
VALUES ('Mile 1.6 대한항공', NULL, NULL, NULL, NULL, NULL, NULL, '1,500원당 최대 1.8 마일 적립
HANA Mile 사용
HANA Mile 결제 대금 차감', NULL, NULL, NULL, NULL, NULL, '스타벅스 4천원 청구할인', NULL, NULL, NULL, NULL, NULL, NULL, 'CGV, 롯데시네마 4천원 청구할인', '', '', '', '', '', '', '');

INSERT INTO CREDIT_CARD_NOTICE (CARD_NAME, EDUCATION, AUTOMOBILES, SHOPPING, LEISURE, PRIORITY_PASS, FINANCE, AIR_MILEAGE, BEAUTY, COMMUNICATION, EAT_OUT, NATIONAL_VOUCHER, CULTURE, CAFE_BAKERY, MEDICAL, PREMIUM, ANNUAL_FEE_SUPPORT, VOUCHER, ALWAYS_DISCOUNT, PUBLIC_TRANSPORTATION, MOVIE, POINT_CASHBACK, EASY_PAY, HYPERMART, RENTAL, OIL, MAINTENANCE, CVS) 
VALUES ('Any PLUS (애니플러스)', '교육 업종 0.7% 할인', NULL, '국내 쇼핑 가맹점 0.7% 할인
국내 온라인/해외 쇼핑 1.7% 할인', '국내 레저 활동 0.7% 할인
해외 레저 활동 1.7% 할인', NULL, NULL, NULL, '국내 헤어/뷰티샵 0.7% 할인
해외 헤어/뷰티샵 1.7% 할인', '통신요금 0.7% 할인', '전국 모든 음식점 0.7% 할인
해외 모든 음식점 1.7% 할인', NULL, '국내 공연/전시/도서 0.7% 할인
해외 공연/전시 관람 1.7% 할인', '국내 카페/베이커리 0.7% 할인
해외 카페/베이커리 1.7% 할인', '국내 병원/약국 0.7% 할인
국내 한의원 0.7% 할인
해외 병원/약국 1.7% 할인', NULL, '신규 회원 연회비 캐쉬백 이벤트!', NULL, '국내 가맹점 0.7% 할인
국내 온라인 가맹점 1.7% 할인
해외 가맹점 1.7% 할인', '국내 대중교통 이용 시 0.7% 할인
해외 대중교통 이용 시 1.7% 할인', '국내 영화관 0.7% 할인
해외 영화관 1.7% 할인', NULL, NULL, '국내 대형마트 0.7% 할인
해외 대형마트 1.7% 할인', '렌탈 업종 0.7% 할인', '국내 주유/충전소 0.7% 할인
해외 주유/충전소 1.7% 할인', NULL, '국내 편의점 0.7% 할인
해외 편의점 1.7% 할인');

INSERT INTO CREDIT_CARD_NOTICE (CARD_NAME, EDUCATION, AUTOMOBILES, SHOPPING, LEISURE, PRIORITY_PASS, FINANCE, AIR_MILEAGE, BEAUTY, COMMUNICATION, EAT_OUT, NATIONAL_VOUCHER, CULTURE, CAFE_BAKERY, MEDICAL, PREMIUM, ANNUAL_FEE_SUPPORT, VOUCHER, ALWAYS_DISCOUNT, PUBLIC_TRANSPORTATION, MOVIE, POINT_CASHBACK, EASY_PAY, HYPERMART, RENTAL, OIL, MAINTENANCE, CVS) 
VALUES ('My Trip SKYPASS 카드', NULL, NULL, NULL, '진에어 항공권 구매 시 5% 청구할인', NULL, NULL, '대한항공 마일리지 적립한도 없이 적립', '', '', '', '', '', '', '', '', '', '', '', '', '', '', '', '', '', '', '', '');

INSERT INTO CREDIT_CARD_NOTICE (CARD_NAME, EDUCATION, AUTOMOBILES, SHOPPING, LEISURE, PRIORITY_PASS, FINANCE, AIR_MILEAGE, BEAUTY, COMMUNICATION, EAT_OUT, NATIONAL_VOUCHER, CULTURE, CAFE_BAKERY, MEDICAL, PREMIUM, ANNUAL_FEE_SUPPORT, VOUCHER, ALWAYS_DISCOUNT, PUBLIC_TRANSPORTATION, MOVIE, POINT_CASHBACK, EASY_PAY, HYPERMART, RENTAL, OIL, MAINTENANCE, CVS) 
VALUES ('1Q Shopping+ (원큐 쇼핑플러스)', NULL, NULL, '백화점 월 최대 4만 하나머니 적립
온라인쇼핑 이용 최대 1만 머니 적립', NULL, NULL, NULL, NULL, NULL, '통신비 자동이체시 최대 1만 머니적립', NULL, NULL, NULL, '스타벅스/커피빈 4천원 청구할인', NULL, NULL, '신규 회원 연회비 캐쉬백 이벤트!', NULL, '해외 전 가맹점 최대 1만 머니 적립', '대중교통 이용 시 최대 1만 머니적립', NULL, NULL, NULL, '대형마트 월 최대 4만 하나머니 적립', NULL, 'SK주유소 5만원 이상시 3천원 할인', '아파트관리비/4대보험 5천 머니 적립', '');

INSERT INTO CREDIT_CARD_NOTICE (CARD_NAME, EDUCATION, AUTOMOBILES, SHOPPING, LEISURE, PRIORITY_PASS, FINANCE, AIR_MILEAGE, BEAUTY, COMMUNICATION, EAT_OUT, NATIONAL_VOUCHER, CULTURE, CAFE_BAKERY, MEDICAL, PREMIUM, ANNUAL_FEE_SUPPORT, VOUCHER, ALWAYS_DISCOUNT, PUBLIC_TRANSPORTATION, MOVIE, POINT_CASHBACK, EASY_PAY, HYPERMART, RENTAL, OIL, MAINTENANCE, CVS) 
VALUES ('My Trip AsianaClub 카드', NULL, NULL, NULL, '에어서울/에어부산 항공권 할인', NULL, NULL, '아시아나항공마일리지 적립한도없이 적립', '', '', '', '', '', '', '', '', '', '', '', '', '', '', '', '', '', '', '', '');

INSERT INTO CREDIT_CARD_NOTICE (CARD_NAME, EDUCATION, AUTOMOBILES, SHOPPING, LEISURE, PRIORITY_PASS, FINANCE, AIR_MILEAGE, BEAUTY, COMMUNICATION, EAT_OUT, NATIONAL_VOUCHER, CULTURE, CAFE_BAKERY, MEDICAL, PREMIUM, ANNUAL_FEE_SUPPORT, VOUCHER, ALWAYS_DISCOUNT, PUBLIC_TRANSPORTATION, MOVIE, POINT_CASHBACK, EASY_PAY, HYPERMART, RENTAL, OIL, MAINTENANCE, CVS) 
VALUES ('통커 카드', NULL, NULL, '온라인 쇼핑 5% 할인(월5천원)', NULL, NULL, NULL, NULL, NULL, '통신 자동이체 10% 할인(월1만원)', NULL, NULL, NULL, '스타벅스 최대 50% 할인(월2만원)', NULL, NULL, '신규 회원 연회비 캐쉬백 이벤트!', '', '', '', '', '', '', '', '', '', '', '');

INSERT INTO CREDIT_CARD_NOTICE (CARD_NAME, EDUCATION, AUTOMOBILES, SHOPPING, LEISURE, PRIORITY_PASS, FINANCE, AIR_MILEAGE, BEAUTY, COMMUNICATION, EAT_OUT, NATIONAL_VOUCHER, CULTURE, CAFE_BAKERY, MEDICAL, PREMIUM, ANNUAL_FEE_SUPPORT, VOUCHER, ALWAYS_DISCOUNT, PUBLIC_TRANSPORTATION, MOVIE, POINT_CASHBACK, EASY_PAY, HYPERMART, RENTAL, OIL, MAINTENANCE, CVS) 
VALUES ('CLUB Signature SKYPASS', NULL, NULL, NULL, NULL, '전세계 주요 라운지 무료입장!', NULL, '1,500원당 최대 2.0마일 적립', NULL, NULL, NULL, NULL, NULL, NULL, NULL, '택1) 신라면세점 10만원 이용권
택2) 호텔 외식통합 12만원 이용권
연 1회, 2가지 중 1가지 선택제공', '', '', '', '', '', '', '', '', '', '', '', '');

INSERT INTO CREDIT_CARD_NOTICE (CARD_NAME, EDUCATION, AUTOMOBILES, SHOPPING, LEISURE, PRIORITY_PASS, FINANCE, AIR_MILEAGE, BEAUTY, COMMUNICATION, EAT_OUT, NATIONAL_VOUCHER, CULTURE, CAFE_BAKERY, MEDICAL, PREMIUM, ANNUAL_FEE_SUPPORT, VOUCHER, ALWAYS_DISCOUNT, PUBLIC_TRANSPORTATION, MOVIE, POINT_CASHBACK, EASY_PAY, HYPERMART, RENTAL, OIL, MAINTENANCE, CVS) 
VALUES ('#tag1카드 Navy (태그원카드 네이비)', '학원 10% 우대 할인', NULL, '쇼핑 10% 우대 할인', '놀이공원 본인 50% 할인', NULL, NULL, NULL, NULL, '통신요금 10% 우대 할인', '패밀리레스토랑 10% 우대 할인', NULL, NULL, NULL, NULL, NULL, '신규 회원 연회비 캐쉬백 이벤트!', NULL, NULL, NULL, '영화 4천원 할인', NULL, NULL, '대형마트 5% 우대 할인', NULL, '주유 리터당 60원 우대 할인', '아파트관리비 10% 우대 할인', '');

INSERT INTO CREDIT_CARD_NOTICE (CARD_NAME, EDUCATION, AUTOMOBILES, SHOPPING, LEISURE, PRIORITY_PASS, FINANCE, AIR_MILEAGE, BEAUTY, COMMUNICATION, EAT_OUT, NATIONAL_VOUCHER, CULTURE, CAFE_BAKERY, MEDICAL, PREMIUM, ANNUAL_FEE_SUPPORT, VOUCHER, ALWAYS_DISCOUNT, PUBLIC_TRANSPORTATION, MOVIE, POINT_CASHBACK, EASY_PAY, HYPERMART, RENTAL, OIL, MAINTENANCE, CVS) 
VALUES ('하나멤버스 1Q카드 내맘대로', NULL, NULL, '11번가,G마켓,옥션 5%하나머니적립
해외/트렌디쇼핑 내맘대로 서비스', '레저/문화 내맘대로 서비스', 'Priority Pass카드 신청가능
프리미엄 적립 Pack', NULL, NULL, NULL, 'SKT/B,KT,LGU+ 5% 적립', '점심값 7% 하나머니 적립
커피,베이커리,배달앱 내맘대로 변경', NULL, NULL, NULL, '생활비 내맘대로 서비스', NULL, NULL, NULL, NULL, '택시 10% 하나머니 적립
교통영역 내맘대로 서비스 변경
대중교통 5% 하나머니 적립', 'CGV, 롯데시네마, 메가박스 적립', NULL, NULL, NULL, NULL, NULL, NULL, '편의점 7% 하나머니 적립
쇼핑영역 내맘대로 서비스 변경');

INSERT INTO CREDIT_CARD_NOTICE (CARD_NAME, EDUCATION, AUTOMOBILES, SHOPPING, LEISURE, PRIORITY_PASS, FINANCE, AIR_MILEAGE, BEAUTY, COMMUNICATION, EAT_OUT, NATIONAL_VOUCHER, CULTURE, CAFE_BAKERY, MEDICAL, PREMIUM, ANNUAL_FEE_SUPPORT, VOUCHER, ALWAYS_DISCOUNT, PUBLIC_TRANSPORTATION, MOVIE, POINT_CASHBACK, EASY_PAY, HYPERMART, RENTAL, OIL, MAINTENANCE, CVS) 
VALUES ('모두의 쇼핑', NULL, NULL, '온라인쇼핑 10% 적립
아울렛 쇼핑 5% 적립', NULL, NULL, NULL, NULL, NULL, NULL, NULL, NULL, NULL, NULL, NULL, NULL, '신규 회원 연회비 캐쉬백 이벤트!', NULL, NULL, NULL, NULL, NULL, NULL, '이마트,홈플러스,롯데마트 5% 적립
신세계,롯데,현대 백화점 5% 적립
이케아 5% 적립', '', '', '', '');

INSERT INTO CREDIT_CARD_NOTICE (CARD_NAME, EDUCATION, AUTOMOBILES, SHOPPING, LEISURE, PRIORITY_PASS, FINANCE, AIR_MILEAGE, BEAUTY, COMMUNICATION, EAT_OUT, NATIONAL_VOUCHER, CULTURE, CAFE_BAKERY, MEDICAL, PREMIUM, ANNUAL_FEE_SUPPORT, VOUCHER, ALWAYS_DISCOUNT, PUBLIC_TRANSPORTATION, MOVIE, POINT_CASHBACK, EASY_PAY, HYPERMART, RENTAL, OIL, MAINTENANCE, CVS) 
VALUES ('1Q Special+ (원큐 스페셜플러스)', NULL, NULL, '지역쇼핑/주유 통합 월최대 4만 적립
온라인쇼핑 월 최대 1만 머니 적립', NULL, NULL, NULL, NULL, NULL, '통신/교통/자동이체 최대 1만 적립', '국내 음식점 월 최대 5천원 청구할인
해외 전 가맹점 최대 1만 머니 적립', NULL, NULL, '스타벅스, 커피빈 4천원 청구할인', NULL, NULL, NULL, NULL, NULL, '교통/통신/자동이체 최대 1만 적립', NULL, NULL, NULL, '지역쇼핑/주유 통합 월최대 4만 적립', NULL, '주유/지역쇼핑 통합 최대 4만 적립', '자동이체/통신/교통 최대 1만 적립
아파트관리비/4대보험 적립', '');

INSERT INTO CREDIT_CARD_NOTICE (CARD_NAME, EDUCATION, AUTOMOBILES, SHOPPING, LEISURE, PRIORITY_PASS, FINANCE, AIR_MILEAGE, BEAUTY, COMMUNICATION, EAT_OUT, NATIONAL_VOUCHER, CULTURE, CAFE_BAKERY, MEDICAL, PREMIUM, ANNUAL_FEE_SUPPORT, VOUCHER, ALWAYS_DISCOUNT, PUBLIC_TRANSPORTATION, MOVIE, POINT_CASHBACK, EASY_PAY, HYPERMART, RENTAL, OIL, MAINTENANCE, CVS) 
VALUES ('CLUB PREMIER 카드 [Travel]', NULL, NULL, '국내 면세점 업종 20% 청구할인', NULL, NULL, NULL, NULL, NULL, NULL, NULL, NULL, NULL, '스타벅스, 커피빈 20% 청구할인', NULL, '국내 6대 저가항공 50% 청구할인
전 세계 제휴 라운지 무료 입장
국제 브랜드 서비스', NULL, NULL, NULL, '택시 업종 20% 청구할인', NULL, '국내외 최대 1.5% 하나머니 적립', '', '', '', '', '', '');

INSERT INTO CREDIT_CARD_NOTICE (CARD_NAME, EDUCATION, AUTOMOBILES, SHOPPING, LEISURE, PRIORITY_PASS, FINANCE, AIR_MILEAGE, BEAUTY, COMMUNICATION, EAT_OUT, NATIONAL_VOUCHER, CULTURE, CAFE_BAKERY, MEDICAL, PREMIUM, ANNUAL_FEE_SUPPORT, VOUCHER, ALWAYS_DISCOUNT, PUBLIC_TRANSPORTATION, MOVIE, POINT_CASHBACK, EASY_PAY, HYPERMART, RENTAL, OIL, MAINTENANCE, CVS) 
VALUES ('CLUB Primus Skypass', NULL, '엔진오일교환(ZIC-A) 현장할인 ', 'H패션몰(온라인) 20% 현장할인', NULL, NULL, NULL, '항공 마일리지 적립
SK 주유소 리터당 3마일 적립', NULL, NULL, NULL, NULL, NULL, NULL, NULL, '호텔 식음매장 10% 현장할인 서비스
Smarⓣ 여행서비스', NULL, 'Free package (택1)', NULL, '택시 10% 청구할인 서비스', '', '', '', '', '', '', '', '');

INSERT INTO CREDIT_CARD_NOTICE (CARD_NAME, EDUCATION, AUTOMOBILES, SHOPPING, LEISURE, PRIORITY_PASS, FINANCE, AIR_MILEAGE, BEAUTY, COMMUNICATION, EAT_OUT, NATIONAL_VOUCHER, CULTURE, CAFE_BAKERY, MEDICAL, PREMIUM, ANNUAL_FEE_SUPPORT, VOUCHER, ALWAYS_DISCOUNT, PUBLIC_TRANSPORTATION, MOVIE, POINT_CASHBACK, EASY_PAY, HYPERMART, RENTAL, OIL, MAINTENANCE, CVS) 
VALUES ('1Q Daily+ (원큐 데일리플러스)', NULL, NULL, '온라인쇼핑 이용시 5천 하나머니 적립', NULL, NULL, NULL, NULL, NULL, '통신비 자동이체시 5천 하나머니 적립', NULL, NULL, NULL, '스타벅스,커피빈 월 최대 4천원 할인', NULL, NULL, '신규 회원 연회비 캐쉬백 이벤트!', NULL, '국내 이용금액 최대 1.0% 적립
해외 전 가맹점 5천 하나머니 적립', '대중교통 이용 시 5천 하나머니 적립', NULL, NULL, NULL, NULL, NULL, 'SK주유소 3천원 청구할인', '전기/도시가스 자동이체시 5천머니적립
아파트관리비/4대보험 5천 머니 적립', '');

INSERT INTO CREDIT_CARD_NOTICE (CARD_NAME, EDUCATION, AUTOMOBILES, SHOPPING, LEISURE, PRIORITY_PASS, FINANCE, AIR_MILEAGE, BEAUTY, COMMUNICATION, EAT_OUT, NATIONAL_VOUCHER, CULTURE, CAFE_BAKERY, MEDICAL, PREMIUM, ANNUAL_FEE_SUPPORT, VOUCHER, ALWAYS_DISCOUNT, PUBLIC_TRANSPORTATION, MOVIE, POINT_CASHBACK, EASY_PAY, HYPERMART, RENTAL, OIL, MAINTENANCE, CVS) 
VALUES ('CLUB PREMIER 카드 [Hotel]', NULL, NULL, NULL, NULL, NULL, NULL, NULL, NULL, NULL, NULL, NULL, NULL, '스타벅스, 커피빈 20% 청구할인', NULL, '국내 특급호텔 50% 청구할인
전 세계 제휴 라운지 무료 입장
국제 브랜드 서비스', NULL, NULL, NULL, '택시 20% 청구할인', NULL, '국내외 최대 1.5% 하나머니 적립', NULL, NULL, NULL, '전 주유소 주유 리터당 100원 할인', '', '');

INSERT INTO CREDIT_CARD_NOTICE (CARD_NAME, EDUCATION, AUTOMOBILES, SHOPPING, LEISURE, PRIORITY_PASS, FINANCE, AIR_MILEAGE, BEAUTY, COMMUNICATION, EAT_OUT, NATIONAL_VOUCHER, CULTURE, CAFE_BAKERY, MEDICAL, PREMIUM, ANNUAL_FEE_SUPPORT, VOUCHER, ALWAYS_DISCOUNT, PUBLIC_TRANSPORTATION, MOVIE, POINT_CASHBACK, EASY_PAY, HYPERMART, RENTAL, OIL, MAINTENANCE, CVS) 
VALUES ('Smart Any (스마트애니)', NULL, NULL, '온라인 가맹점 최대1.4% 청구 할인', NULL, NULL, NULL, NULL, NULL, NULL, NULL, NULL, NULL, NULL, NULL, NULL, '신규 회원 연회비 캐쉬백 이벤트!', NULL, '모든 가맹점 0.8% 청구 할인
온라인 가맹점 최대1.4% 청구 할인', NULL, NULL, NULL, '1Q Pay 이용시 온라인 추가 할인', '', '', '', '', '');

INSERT INTO CREDIT_CARD_NOTICE (CARD_NAME, EDUCATION, AUTOMOBILES, SHOPPING, LEISURE, PRIORITY_PASS, FINANCE, AIR_MILEAGE, BEAUTY, COMMUNICATION, EAT_OUT, NATIONAL_VOUCHER, CULTURE, CAFE_BAKERY, MEDICAL, PREMIUM, ANNUAL_FEE_SUPPORT, VOUCHER, ALWAYS_DISCOUNT, PUBLIC_TRANSPORTATION, MOVIE, POINT_CASHBACK, EASY_PAY, HYPERMART, RENTAL, OIL, MAINTENANCE, CVS) 
VALUES ('#tag1카드 Orange (태그원카드 오렌지)', NULL, NULL, '쇼핑 10% 우대 할인', '놀이공원 본인 50% 할인', NULL, NULL, NULL, NULL, '통신요금 10% 우대 할인', '패밀리레스토랑 10% 우대 할인', NULL, NULL, '커피 50% 우대 할인', NULL, NULL, '신규 회원 연회비 캐쉬백 이벤트!', NULL, NULL, '대중교통 7% 우대 할인', '영화 4천원 할인', NULL, NULL, NULL, NULL, '주유 리터당 60원 우대 할인', NULL, '편의점 10% 우대 할인');

INSERT INTO CREDIT_CARD_NOTICE (CARD_NAME, EDUCATION, AUTOMOBILES, SHOPPING, LEISURE, PRIORITY_PASS, FINANCE, AIR_MILEAGE, BEAUTY, COMMUNICATION, EAT_OUT, NATIONAL_VOUCHER, CULTURE, CAFE_BAKERY, MEDICAL, PREMIUM, ANNUAL_FEE_SUPPORT, VOUCHER, ALWAYS_DISCOUNT, PUBLIC_TRANSPORTATION, MOVIE, POINT_CASHBACK, EASY_PAY, HYPERMART, RENTAL, OIL, MAINTENANCE, CVS) 
VALUES ('하나 BC 그린카드 [전국형]', NULL, NULL, NULL, '전국문화,레저시설 무료입장 또는 할인', NULL, NULL, NULL, NULL, NULL, NULL, NULL, NULL, NULL, NULL, NULL, NULL, NULL, '국내 가맹점 0.2%~0.8% 적립
2~3개월 무이자 할부', '버스, 지하철 10%~20% 적립
KTX, 고속버스 5% 적립', NULL, '가장 많이 쓴 2개 업종 5배 적립
녹색매장,에코머니가맹점 이용 시 적립', NULL, NULL, NULL, NULL, '전기,수도,가스절약 시 포인트 적립', '');

INSERT INTO CREDIT_CARD_NOTICE (CARD_NAME, EDUCATION, AUTOMOBILES, SHOPPING, LEISURE, PRIORITY_PASS, FINANCE, AIR_MILEAGE, BEAUTY, COMMUNICATION, EAT_OUT, NATIONAL_VOUCHER, CULTURE, CAFE_BAKERY, MEDICAL, PREMIUM, ANNUAL_FEE_SUPPORT, VOUCHER, ALWAYS_DISCOUNT, PUBLIC_TRANSPORTATION, MOVIE, POINT_CASHBACK, EASY_PAY, HYPERMART, RENTAL, OIL, MAINTENANCE, CVS) 
VALUES ('my pass 마패 카드', NULL, NULL, NULL, NULL, NULL, NULL, NULL, NULL, NULL, NULL, NULL, NULL, '커피 10% 할인', NULL, NULL, '신규 회원 연회비 캐쉬백 이벤트!', NULL, NULL, '대중교통 20% 할인(월1만5천원)', NULL, NULL, NULL, NULL, NULL, NULL, NULL, '편의점 10% 할인');

INSERT INTO CREDIT_CARD_NOTICE (CARD_NAME, EDUCATION, AUTOMOBILES, SHOPPING, LEISURE, PRIORITY_PASS, FINANCE, AIR_MILEAGE, BEAUTY, COMMUNICATION, EAT_OUT, NATIONAL_VOUCHER, CULTURE, CAFE_BAKERY, MEDICAL, PREMIUM, ANNUAL_FEE_SUPPORT, VOUCHER, ALWAYS_DISCOUNT, PUBLIC_TRANSPORTATION, MOVIE, POINT_CASHBACK, EASY_PAY, HYPERMART, RENTAL, OIL, MAINTENANCE, CVS) 
VALUES ('CLUB Signature Asiana Club', NULL, NULL, NULL, NULL, '전세계 주요 라운지 무료입장!', NULL, '1,000원당 최대 2.0마일 적립', NULL, NULL, NULL, NULL, NULL, NULL, NULL, '택1) 신라면세점 10만원 이용권
택2) 호텔 외식통합 12만원 이용권
연 1회, 2가지 중 1가지 선택제공', '', '', '', '', '', '', '', '', '', '', '', '');

INSERT INTO CREDIT_CARD_NOTICE (CARD_NAME, EDUCATION, AUTOMOBILES, SHOPPING, LEISURE, PRIORITY_PASS, FINANCE, AIR_MILEAGE, BEAUTY, COMMUNICATION, EAT_OUT, NATIONAL_VOUCHER, CULTURE, CAFE_BAKERY, MEDICAL, PREMIUM, ANNUAL_FEE_SUPPORT, VOUCHER, ALWAYS_DISCOUNT, PUBLIC_TRANSPORTATION, MOVIE, POINT_CASHBACK, EASY_PAY, HYPERMART, RENTAL, OIL, MAINTENANCE, CVS) 
VALUES ('1Q Global VIVA (원큐 글로벌 비바)', NULL, NULL, '저가항공/면세점 최대 2만 머니 적립
온라인쇼핑 최대 1만 머니 적립', NULL, NULL, NULL, NULL, NULL, '통신요금 최대 1만 머니 적립', NULL, NULL, NULL, NULL, NULL, NULL, '신규 회원 연회비 캐쉬백 이벤트!', NULL, NULL, '대중교통 최대 1만 머니 적립', '영화 5천원 할인', '국제브랜드 수수료(1%) 면제
글로벌 적립 최대 2만 머니', NULL, NULL, NULL, NULL, '전기요금/도시가스요금 최대 1만 적립', '');

INSERT INTO CREDIT_CARD_NOTICE (CARD_NAME, EDUCATION, AUTOMOBILES, SHOPPING, LEISURE, PRIORITY_PASS, FINANCE, AIR_MILEAGE, BEAUTY, COMMUNICATION, EAT_OUT, NATIONAL_VOUCHER, CULTURE, CAFE_BAKERY, MEDICAL, PREMIUM, ANNUAL_FEE_SUPPORT, VOUCHER, ALWAYS_DISCOUNT, PUBLIC_TRANSPORTATION, MOVIE, POINT_CASHBACK, EASY_PAY, HYPERMART, RENTAL, OIL, MAINTENANCE, CVS) 
VALUES ('Mile 1.6 아시아나', NULL, NULL, NULL, NULL, NULL, NULL, '1,500원당 최대 1.8 마일 적립
HANA Mile 사용
HANA Mile 결제 대금 차감', NULL, NULL, NULL, NULL, NULL, '스타벅스 4천원 청구할인', NULL, NULL, NULL, NULL, NULL, NULL, 'CGV, 롯데시네마 4천원 청구할인', '', '', '', '', '', '', '');









-----------------------------------
--3. 사용자카드 MEMBER_CARD
SELECT * FROM MEMBER_CARD;

INSERT INTO MEMBER_CARD(CARD_NO, MEMBER_NO, CARD_NAME, CARD_PASSWORD, VALID_DATE, CARD_TYPE, CVC_NO) VALUES ('1010-1010-1010-1010', 1, '하나카드1', '1234', '2024-08-31', 'CHECK', '123');
INSERT INTO MEMBER_CARD(CARD_NO, MEMBER_NO, CARD_NAME, CARD_PASSWORD, VALID_DATE, CARD_TYPE, CVC_NO) VALUES ('1010-1010-1010-1011', 2, '하나카드2', '1234', '2024-08-31', 'CHECK', '234');
INSERT INTO MEMBER_CARD(CARD_NO, MEMBER_NO, CARD_NAME, CARD_PASSWORD, VALID_DATE, CARD_TYPE, CVC_NO) VALUES ('1010-1010-1010-1012', 3, '하나카드3', '1234', '2024-08-31', 'CHECK', '123');
INSERT INTO MEMBER_CARD(CARD_NO, MEMBER_NO, CARD_NAME, CARD_PASSWORD, VALID_DATE, CARD_TYPE, CVC_NO) VALUES ('1010-1010-1010-1013', 4, '하나카드4', '1234', '2024-08-31', 'CHECK', '123');
INSERT INTO MEMBER_CARD(CARD_NO, MEMBER_NO, CARD_NAME, CARD_PASSWORD, VALID_DATE, CARD_TYPE, CVC_NO) VALUES ('1010-1010-1010-1014', 5, '하나카드5', '1234', '2024-08-31', 'CREDIT', '234');
INSERT INTO MEMBER_CARD(CARD_NO, MEMBER_NO, CARD_NAME, CARD_PASSWORD, VALID_DATE, CARD_TYPE, CVC_NO) VALUES ('1010-1010-1010-1015', 6, '하나카드6', '1234', '2024-08-31', 'CHECK', '324');
INSERT INTO MEMBER_CARD(CARD_NO, MEMBER_NO, CARD_NAME, CARD_PASSWORD, VALID_DATE, CARD_TYPE, CVC_NO) VALUES ('1010-1010-1010-1016', 7, '하나카드7', '1234', '2024-08-31', 'CHECK', '234');
INSERT INTO MEMBER_CARD(CARD_NO, MEMBER_NO, CARD_NAME, CARD_PASSWORD, VALID_DATE, CARD_TYPE, CVC_NO) VALUES ('1010-1010-1010-1017', 8, '하나카드8', '1234', '2024-08-31', 'CREDIT', '432');
INSERT INTO MEMBER_CARD(CARD_NO, MEMBER_NO, CARD_NAME, CARD_PASSWORD, VALID_DATE, CARD_TYPE, CVC_NO) VALUES ('1010-1010-1010-1018', 9, '하나카드9', '1234', '2024-08-31', 'CHECK', '432');
INSERT INTO MEMBER_CARD(CARD_NO, MEMBER_NO, CARD_NAME, CARD_PASSWORD, VALID_DATE, CARD_TYPE, CVC_NO) VALUES ('1010-1010-1010-1019', 10, '하나카드10', '1234', '2024-08-31', 'CHECK', '123');
>>>>>>> 3ad9de92f44e3ee8a2c53eaf6421d9b6ef10b407






-----------------------------------
--1. 관리사원 MANAGER
INSERT INTO MANAGER(MANAGER_NO, NAME, DEPT) VALUES ('1001', '조세진', '카드영업부');
INSERT INTO MANAGER(MANAGER_NO, NAME, DEPT) VALUES ('1002', '정현석', '카드영업부');
INSERT INTO MANAGER(MANAGER_NO, NAME, DEPT) VALUES ('1003', '윤소영', '카드영업부');
INSERT INTO MANAGER(MANAGER_NO, NAME, DEPT) VALUES ('1004', '안재훈', '카드영업부');
INSERT INTO MANAGER(MANAGER_NO, NAME, DEPT) VALUES ('1005', '이기찬', '카드영업부');
INSERT INTO MANAGER(MANAGER_NO, NAME, DEPT) VALUES ('1006', '김영업', '카드영업부');
INSERT INTO MANAGER(MANAGER_NO, NAME, DEPT) VALUES ('1007', '구영업', '카드영업부');
INSERT INTO MANAGER(MANAGER_NO, NAME, DEPT) VALUES ('1008', '조영업', '카드영업부');
INSERT INTO MANAGER(MANAGER_NO, NAME, DEPT) VALUES ('1009', '윤영업', '카드영업부');
INSERT INTO MANAGER(MANAGER_NO, NAME, DEPT) VALUES ('1010', '원영업', '카드영업부');

SELECT * FROM MANAGER;

-----------------------------------
--3. 문의게시판 QA_BOARD
SELECT * FROM QA_BOARD;

INSERT INTO QA_BOARD(MEMBER_NO, UPPER_NO, CONTENT, REPLY, VIEW_CNT, CONTENT_CATEGORY) VALUES (1, -1, 'TEST내용입니다1', '댓글입니다', 20, '사용관련문의');
INSERT INTO QA_BOARD(MEMBER_NO, UPPER_NO, CONTENT, REPLY, VIEW_CNT, CONTENT_CATEGORY) VALUES (2, -1, 'TEST내용입니다1', '댓글입니다', 14, '구매관련문의');
INSERT INTO QA_BOARD(MEMBER_NO, UPPER_NO, CONTENT, REPLY, VIEW_CNT, CONTENT_CATEGORY) VALUES (5, -1, 'TEST내용입니다1', '댓글입니다', 20, '기타문의');
INSERT INTO QA_BOARD(MEMBER_NO, UPPER_NO, CONTENT, REPLY, VIEW_CNT, CONTENT_CATEGORY) VALUES (6, 5, 'TEST내용입니다1', '댓글입니다', 12, '사용관련문의');
INSERT INTO QA_BOARD(MEMBER_NO, UPPER_NO, CONTENT, REPLY, VIEW_CNT, CONTENT_CATEGORY) VALUES (5, 4, 'TEST내용입니다1', '댓글입니다', 20, '사용관련문의');
INSERT INTO QA_BOARD(MEMBER_NO, UPPER_NO, CONTENT, REPLY, VIEW_CNT, CONTENT_CATEGORY) VALUES (1, -1, 'TEST내용입니다1', '댓글입니다', 20, '사용관련문의');
INSERT INTO QA_BOARD(MEMBER_NO, UPPER_NO, CONTENT, REPLY, VIEW_CNT, CONTENT_CATEGORY) VALUES (2, 6, 'TEST내용입니다1', '댓글입니다', 6, '사용관련문의');
INSERT INTO QA_BOARD(MEMBER_NO, UPPER_NO, CONTENT, REPLY, VIEW_CNT, CONTENT_CATEGORY) VALUES (5, -1, 'TEST내용입니다1', '댓글입니다', 20, '사용관련문의');
INSERT INTO QA_BOARD(MEMBER_NO, UPPER_NO, CONTENT, REPLY, VIEW_CNT, CONTENT_CATEGORY) VALUES (6, 3, 'TEST내용입니다1', '댓글입니다', 20, '사용관련문의');
INSERT INTO QA_BOARD(MEMBER_NO, UPPER_NO, CONTENT, REPLY, VIEW_CNT, CONTENT_CATEGORY) VALUES (5, -1, 'TEST내용입니다1', '댓글입니다', 20, '사용관련문의');

-----------------------------------
--4. 사용자계좌 MEMBER_ACCOUNT
SELECT * FROM MEMBER_ACCOUNT;

INSERT INTO MEMBER_ACCOUNT(ACC_NO, BALANCE, ACC_PW, ACC_NICKNAME, MEMBER_NO) VALUES ('111-111-111', 10000, '1234', '체크카드용', 1);
INSERT INTO MEMBER_ACCOUNT(ACC_NO, BALANCE, ACC_PW, ACC_NICKNAME, MEMBER_NO) VALUES ('111-111-112', 20000, '1234', '체크카드용', 2);
INSERT INTO MEMBER_ACCOUNT(ACC_NO, BALANCE, ACC_PW, ACC_NICKNAME, MEMBER_NO) VALUES ('111-111-113', 30000, '1234', '체크카드용', 7);
INSERT INTO MEMBER_ACCOUNT(ACC_NO, BALANCE, ACC_PW, ACC_NICKNAME, MEMBER_NO) VALUES ('111-111-114', 40000, '1234', '체크카드용', 1);
INSERT INTO MEMBER_ACCOUNT(ACC_NO, BALANCE, ACC_PW, ACC_NICKNAME, MEMBER_NO) VALUES ('111-111-115', 50000, '1234', '체크카드용', 5);
INSERT INTO MEMBER_ACCOUNT(ACC_NO, BALANCE, ACC_PW, ACC_NICKNAME, MEMBER_NO) VALUES ('111-111-116', 60000, '1234', '체크카드용', 6);
INSERT INTO MEMBER_ACCOUNT(ACC_NO, BALANCE, ACC_PW, ACC_NICKNAME, MEMBER_NO) VALUES ('111-111-117', 70000, '1234', '체크카드용', 2);
INSERT INTO MEMBER_ACCOUNT(ACC_NO, BALANCE, ACC_PW, ACC_NICKNAME, MEMBER_NO) VALUES ('111-111-118', 80000, '1234', '체크카드용', 5);
INSERT INTO MEMBER_ACCOUNT(ACC_NO, BALANCE, ACC_PW, ACC_NICKNAME, MEMBER_NO) VALUES ('111-111-119', 90000, '1234', '체크카드용', 2);
INSERT INTO MEMBER_ACCOUNT(ACC_NO, BALANCE, ACC_PW, ACC_NICKNAME, MEMBER_NO) VALUES ('111-111-110', 10000, '1234', '체크카드용', 1);
-----------------------------------
--5. 카드정보 CARD_INFO
SELECT * FROM CARD_INFO;

INSERT INTO CARD_INFO(CARD_NAME, CARD_CREATING_DATE, CARD_CATEGORY) VALUES ('하나카드1', '2021-01-01', '체크카드');
INSERT INTO CARD_INFO(CARD_NAME, CARD_CREATING_DATE, CARD_CATEGORY) VALUES ('하나카드2', '2020-01-01', '체크카드');
INSERT INTO CARD_INFO(CARD_NAME, CARD_CREATING_DATE, CARD_CATEGORY) VALUES ('하나카드3', '2019-01-01', '신용카드');
INSERT INTO CARD_INFO(CARD_NAME, CARD_CREATING_DATE, CARD_CATEGORY) VALUES ('하나카드4', '2020-01-01', '체크카드');
INSERT INTO CARD_INFO(CARD_NAME, CARD_CREATING_DATE, CARD_CATEGORY) VALUES ('하나카드5', '2020-01-01', '신용카드');
INSERT INTO CARD_INFO(CARD_NAME, CARD_CREATING_DATE, CARD_CATEGORY) VALUES ('하나카드6', '2019-01-01', '체크카드');
INSERT INTO CARD_INFO(CARD_NAME, CARD_CREATING_DATE, CARD_CATEGORY) VALUES ('하나카드7', '2018-01-01', '체크카드');
INSERT INTO CARD_INFO(CARD_NAME, CARD_CREATING_DATE, CARD_CATEGORY) VALUES ('하나카드8', '2020-01-01', '체크카드');
INSERT INTO CARD_INFO(CARD_NAME, CARD_CREATING_DATE, CARD_CATEGORY) VALUES ('하나카드9', '2018-01-01', '체크카드');
INSERT INTO CARD_INFO(CARD_NAME, CARD_CREATING_DATE, CARD_CATEGORY) VALUES ('하나카드10', '2021-01-01', '체크카드');
-----------------------------------
--6. 사용자카드 MEMBER_CARD
SELECT * FROM MEMBER_CARD;

INSERT INTO MEMBER_CARD(CARD_NO, CARD_NAME, CARD_PASSWORD, ACC_NO) VALUES ('1010-1010-1010-1010', '하나카드1', '1234', '111-111-111');
INSERT INTO MEMBER_CARD(CARD_NO, CARD_NAME, CARD_PASSWORD, ACC_NO) VALUES ('1010-1010-1010-1011', '하나카드2', '1234', '111-111-112');
INSERT INTO MEMBER_CARD(CARD_NO, CARD_NAME, CARD_PASSWORD, ACC_NO) VALUES ('1010-1010-1010-1012', '하나카드3', '1234', '111-111-113');
INSERT INTO MEMBER_CARD(CARD_NO, CARD_NAME, CARD_PASSWORD, ACC_NO) VALUES ('1010-1010-1010-1013', '하나카드4', '1234', '111-111-114');
INSERT INTO MEMBER_CARD(CARD_NO, CARD_NAME, CARD_PASSWORD, ACC_NO) VALUES ('1010-1010-1010-1014', '하나카드5', '1234', '111-111-115');
INSERT INTO MEMBER_CARD(CARD_NO, CARD_NAME, CARD_PASSWORD, ACC_NO) VALUES ('1010-1010-1010-1015', '하나카드6', '1234', '111-111-116');
INSERT INTO MEMBER_CARD(CARD_NO, CARD_NAME, CARD_PASSWORD, ACC_NO) VALUES ('1010-1010-1010-1016', '하나카드7', '1234', '111-111-117');
INSERT INTO MEMBER_CARD(CARD_NO, CARD_NAME, CARD_PASSWORD, ACC_NO) VALUES ('1010-1010-1010-1017', '하나카드8', '1234', '111-111-118');
INSERT INTO MEMBER_CARD(CARD_NO, CARD_NAME, CARD_PASSWORD, ACC_NO) VALUES ('1010-1010-1010-1018', '하나카드9', '1234', '111-111-119');
INSERT INTO MEMBER_CARD(CARD_NO, CARD_NAME, CARD_PASSWORD, ACC_NO) VALUES ('1010-1010-1010-1019', '하나카드10', '1234', '111-111-110');

-----------------------------------
--7. 사용자거래내역 TRANSACTION_HISTORY
SELECT * FROM TRANSACTION_HISTORY;

INSERT INTO TRANSACTION_HISTORY(HISTORY_TIME, AMOUNT, CATEGORY, STORE, CARD_NO) VALUES('10:00', 10000, '미용', '올리브영', '1010-1010-1010-1010');
INSERT INTO TRANSACTION_HISTORY(HISTORY_TIME, AMOUNT, CATEGORY, STORE, CARD_NO) VALUES('11:00', 10000, '음식', '맥도날드', '1010-1010-1010-1010');
INSERT INTO TRANSACTION_HISTORY(HISTORY_TIME, AMOUNT, CATEGORY, STORE, CARD_NO) VALUES('12:00', 10000, '교통', '버스', '1010-1010-1010-1010');
INSERT INTO TRANSACTION_HISTORY(HISTORY_TIME, AMOUNT, CATEGORY, STORE, CARD_NO) VALUES('13:00', 10000, '음식', 'KFC', '1010-1010-1010-1010');
INSERT INTO TRANSACTION_HISTORY(HISTORY_TIME, AMOUNT, CATEGORY, STORE, CARD_NO) VALUES('14:00', 10000, '교통', '지하철', '1010-1010-1010-1010');
INSERT INTO TRANSACTION_HISTORY(HISTORY_TIME, AMOUNT, CATEGORY, STORE, CARD_NO) VALUES('15:00', 10000, '미용', '올리브영', '1010-1010-1010-1010');
INSERT INTO TRANSACTION_HISTORY(HISTORY_TIME, AMOUNT, CATEGORY, STORE, CARD_NO) VALUES('16:00', 10000, '미용', '올리브영', '1010-1010-1010-1010');
INSERT INTO TRANSACTION_HISTORY(HISTORY_TIME, AMOUNT, CATEGORY, STORE, CARD_NO) VALUES('17:00', 10000, '미용', '올리브영', '1010-1010-1010-1010');
INSERT INTO TRANSACTION_HISTORY(HISTORY_TIME, AMOUNT, CATEGORY, STORE, CARD_NO) VALUES('18:00', 10000, '미용', '올리브영', '1010-1010-1010-1010');
INSERT INTO TRANSACTION_HISTORY(HISTORY_TIME, AMOUNT, CATEGORY, STORE, CARD_NO) VALUES('19:00', 10000, '미용', '올리브영', '1010-1010-1010-1010');
-----------------------------------
--8. 사용자카드리뷰 CARD_REVIEW

SELECT * FROM CARD_REVIEW;

INSERT INTO CARD_REVIEW(GRADE, BODY, CARD_NO) VALUES (2, '정말 별로에요', '1010-1010-1010-1010');
INSERT INTO CARD_REVIEW(GRADE, BODY, CARD_NO) VALUES (5, '정말 좋아요', '1010-1010-1010-1011');
INSERT INTO CARD_REVIEW(GRADE, BODY, CARD_NO) VALUES (2, '정말 별로에요', '1010-1010-1010-1012');
INSERT INTO CARD_REVIEW(GRADE, BODY, CARD_NO) VALUES (2, '정말 별로에요', '1010-1010-1010-1013');
INSERT INTO CARD_REVIEW(GRADE, BODY, CARD_NO) VALUES (2, '정말 별로에요', '1010-1010-1010-1014');
INSERT INTO CARD_REVIEW(GRADE, BODY, CARD_NO) VALUES (1, '정말 그냥 그래요', '1010-1010-1010-1015');
INSERT INTO CARD_REVIEW(GRADE, BODY, CARD_NO) VALUES (2, '정말 별로에요', '1010-1010-1010-1016');
INSERT INTO CARD_REVIEW(GRADE, BODY, CARD_NO) VALUES (2, '정말 별로에요', '1010-1010-1010-1017');
INSERT INTO CARD_REVIEW(GRADE, BODY, CARD_NO) VALUES (2, '정말 별로에요', '1010-1010-1010-1018');
INSERT INTO CARD_REVIEW(GRADE, BODY, CARD_NO) VALUES (2, '정말 별로에요', '1010-1010-1010-1019');

-----------------------------------
--9. 월간요약통계 MONTHLY SUMMARY
SELECT * FROM MONTHLY_SUMMARY;

INSERT INTO MONTHLY_SUMMARY(CARD_NO, MOST_EXPENDITURE_CATEGORIES, MAX_OF_EXPENDITURE, AVG_OF_EXPENDITURE_PER_CASE, MAX_EXPENDITURE_AREA, MAIN_CARD_NAME)
VALUES('1010-1010-1010-1010', '음식', 100000, 2500,'서울 종로구', '주거래카드');
INSERT INTO MONTHLY_SUMMARY(CARD_NO, MOST_EXPENDITURE_CATEGORIES, MAX_OF_EXPENDITURE, AVG_OF_EXPENDITURE_PER_CASE, MAX_EXPENDITURE_AREA, MAIN_CARD_NAME)
VALUES('1010-1010-1010-1011', '교통', 100000, 2500,'서울 종로구', '주거래카드');
INSERT INTO MONTHLY_SUMMARY(CARD_NO, MOST_EXPENDITURE_CATEGORIES, MAX_OF_EXPENDITURE, AVG_OF_EXPENDITURE_PER_CASE, MAX_EXPENDITURE_AREA, MAIN_CARD_NAME)
VALUES('1010-1010-1010-1012', '유흥', 100000, 2500,'서울 종로구', '주거래카드');
INSERT INTO MONTHLY_SUMMARY(CARD_NO, MOST_EXPENDITURE_CATEGORIES, MAX_OF_EXPENDITURE, AVG_OF_EXPENDITURE_PER_CASE, MAX_EXPENDITURE_AREA, MAIN_CARD_NAME)
VALUES('1010-1010-1010-1013', '카페', 100000, 2500,'서울 종로구', '주거래카드');
INSERT INTO MONTHLY_SUMMARY(CARD_NO, MOST_EXPENDITURE_CATEGORIES, MAX_OF_EXPENDITURE, AVG_OF_EXPENDITURE_PER_CASE, MAX_EXPENDITURE_AREA, MAIN_CARD_NAME)
VALUES('1010-1010-1010-1014', '음식', 100000, 2500,'서울 종로구', '주거래카드');
INSERT INTO MONTHLY_SUMMARY(CARD_NO, MOST_EXPENDITURE_CATEGORIES, MAX_OF_EXPENDITURE, AVG_OF_EXPENDITURE_PER_CASE, MAX_EXPENDITURE_AREA, MAIN_CARD_NAME)
VALUES('1010-1010-1010-1015', '음식', 100000, 2500,'서울 종로구', '주거래카드');
INSERT INTO MONTHLY_SUMMARY(CARD_NO, MOST_EXPENDITURE_CATEGORIES, MAX_OF_EXPENDITURE, AVG_OF_EXPENDITURE_PER_CASE, MAX_EXPENDITURE_AREA, MAIN_CARD_NAME)
VALUES('1010-1010-1010-1016', '음식', 100000, 2500,'서울 종로구', '주거래카드');
INSERT INTO MONTHLY_SUMMARY(CARD_NO, MOST_EXPENDITURE_CATEGORIES, MAX_OF_EXPENDITURE, AVG_OF_EXPENDITURE_PER_CASE, MAX_EXPENDITURE_AREA, MAIN_CARD_NAME)
VALUES('1010-1010-1010-1017', '음식', 100000, 2500,'서울 종로구', '주거래카드');
INSERT INTO MONTHLY_SUMMARY(CARD_NO, MOST_EXPENDITURE_CATEGORIES, MAX_OF_EXPENDITURE, AVG_OF_EXPENDITURE_PER_CASE, MAX_EXPENDITURE_AREA, MAIN_CARD_NAME)
VALUES('1010-1010-1010-1018', '음식', 100000, 2500,'서울 종로구', '주거래카드');
INSERT INTO MONTHLY_SUMMARY(CARD_NO, MOST_EXPENDITURE_CATEGORIES, MAX_OF_EXPENDITURE, AVG_OF_EXPENDITURE_PER_CASE, MAX_EXPENDITURE_AREA, MAIN_CARD_NAME)
VALUES('1010-1010-1010-1019', '음식', 100000, 2500,'서울 종로구', '주거래카드');
-----------------------------------
--10. 공통코드 TOTAL_CODE
SELECT * FROM TOTAL_CODE;
--미정

-----------------------------------
--11. 요약통계로그 SUMMARY_LOG
SELECT * FROM SUMMARY_LOG;

INSERT INTO SUMMARY_LOG(SENDING_DATE, TOTAL, OPEN_RATE) VALUES('2021-01-01', 100000, 30000);
INSERT INTO SUMMARY_LOG(SENDING_DATE, TOTAL, OPEN_RATE) VALUES('2021-02-01', 110000, 70000);
INSERT INTO SUMMARY_LOG(SENDING_DATE, TOTAL, OPEN_RATE) VALUES('2021-03-01', 120000, 80000);
INSERT INTO SUMMARY_LOG(SENDING_DATE, TOTAL, OPEN_RATE) VALUES('2021-04-01', 130000, 90000);
INSERT INTO SUMMARY_LOG(SENDING_DATE, TOTAL, OPEN_RATE) VALUES('2021-05-01', 140000, 100000);
INSERT INTO SUMMARY_LOG(SENDING_DATE, TOTAL, OPEN_RATE) VALUES('2021-06-01', 150000, 100000);
INSERT INTO SUMMARY_LOG(SENDING_DATE, TOTAL, OPEN_RATE) VALUES('2021-07-01', 160000, 100000);
INSERT INTO SUMMARY_LOG(SENDING_DATE, TOTAL, OPEN_RATE) VALUES('2021-08-01', 170000, 100000);
INSERT INTO SUMMARY_LOG(SENDING_DATE, TOTAL, OPEN_RATE) VALUES('2021-09-01', 180000, 100000);
INSERT INTO SUMMARY_LOG(SENDING_DATE, TOTAL, OPEN_RATE) VALUES('2021-10-01', 190000, 100000);



----------------------------------
-- 인사이트 도출부
BEGIN
    UPDATE MEMBER_ACCOUNT SET BALANCE = BALANCE - 1000 WHERE ACC_NO = '111-111-111'; 
    INSERT INTO TRANSACTION_HISTORY(HISTORY_TIME, AMOUNT, CATEGORY, STORE, CARD_NO) VALUES('11:00', 1000, '미용', '올리브영', '1010-1010-1010-1010'); 
    COMMIT;
EXCEPTION
    WHEN OTHERS THEN
    ROLLBACK;
END;    
/

-- 거래가 발생할때 사용한 카드와 연결된 계좌의 금액을 감소시킴과 동시에
-- 소비에 대한 가맹점, 금액, 사용한 카드번호, 일자 등을 로그 테이블에 기록할 수 있도록 함

BEGIN
    INSERT INTO MONTHLY_SUMMARY(MOST_EXPENDITURE_CATEGORIES, MAX_OF_EXPENDITURE, AVG_OF_EXPENDITURE_PER_CASE, MAX_EXPENDITURE_AREA, MAIN_CARD_NAME, CARD_NO)
    VALUES ((SELECT CATEGORY FROM (SELECT CATEGORY, COUNT(CATEGORY) AS CNT FROM TRANSACTION_HISTORY WHERE CARD_NO='1010-1010-1010-1010' GROUP BY CATEGORY ORDER BY CNT DESC) WHERE ROWNUM=1),
    (SELECT MAX(AMOUNT) AS MAX FROM TRANSACTION_HISTORY WHERE CARD_NO= '1010-1010-1010-1010'),
    (SELECT ROUND(SUM(AMOUNT)/COUNT(AMOUNT)) AS AVG FROM TRANSACTION_HISTORY WHERE CARD_NO= '1010-1010-1010-1010'),
    '서울 강남구', '주거래카드', '1010-1010-1010-1010');
    
    INSERT INTO SUMMARY_LOG(SENDING_DATE, TOTAL, OPEN_RATE) VALUES(SYSDATE, 100000, 30000);
    COMMIT;
EXCEPTION
    WHEN OTHERS THEN
    ROLLBACK;
END;    

-- 한달간 발생한 거래에 대해 매월 마지막 날 쯤, 배치 프로그램에 의해 해당월의 최다 지출 카테고리, 최다 지출액, 평균 지출액 등에 대해 계산하고, 인사이트에 대해 월간 요약 테이블에 인서트한다,
-- 또한 최종적으로 데이터가 모두 모이면 LOG테이블에 전체 보고서를 발송할 고객의 수, 예상 열람 고객의 수 등을 기입한다