<?xml version="1.0" encoding="UTF-8" ?>
<!DOCTYPE configuration
  PUBLIC "-//mybatis.org//DTD Config 3.0//EN"
  "http://mybatis.org/dtd/mybatis-3-config.dtd">
<configuration>
	<typeAliases>
		<typeAlias type="kr.ac.kopo.member.vo.MemberVO" alias="memberVO"/>
		
		<typeAlias type="kr.ac.kopo.card.vo.BenefitVO" alias="benefitVO"/>
		<typeAlias type="kr.ac.kopo.card.vo.CardBenefitVO" alias="cardBenefitVO"/>
		<typeAlias type="kr.ac.kopo.card.vo.UserCardVO" alias="userCardVO"/>
		<typeAlias type="kr.ac.kopo.card.vo.DemographyVO" alias="demographyVO"/>
		<typeAlias type="kr.ac.kopo.card.vo.HistoryVO" alias="historyVO"/>
		
	</typeAliases>
</configuration>