<?xml version="1.0" encoding="UTF-8"?>
<beans xmlns="http://www.springframework.org/schema/beans"
	xmlns:mvc="http://www.springframework.org/schema/mvc"
	xmlns:context="http://www.springframework.org/schema/context"
	xmlns:xsi="http://www.w3.org/2001/XMLSchema-instance"
	xsi:schemaLocation="http://www.springframework.org/schema/beans   
    http://www.springframework.org/schema/beans/spring-beans.xsd
    http://www.springframework.org/schema/context   
    http://www.springframework.org/schema/context/spring-context.xsd
    http://www.springframework.org/schema/mvc
    http://www.springframework.org/schema/mvc/spring-mvc.xsd">

	<context:component-scan
		base-package="kr.ac.kopo" />
	<mvc:annotation-driven />
	<mvc:default-servlet-handler />

	<bean
		class="org.springframework.beans.factory.config.PropertyPlaceholderConfigurer">
		<property name="location"
			value="classpath:config/prop/db.properties" />
		<property name="fileEncoding" value="UTF-8" />
	</bean> <!-- properties를 load -->

	<bean id="dataSource"
		class="org.apache.commons.dbcp.BasicDataSource" destroy-method="close">
		<property name="driverClassName" value="${driver}" />
		<property name="url" value="${url}" />
		<property name="username" value="${user}" />
		<property name="password" value="${password}" />
	</bean>

	<bean id="sqlSessionFactory"
		class="org.mybatis.spring.SqlSessionFactoryBean">
		<property name="dataSource" ref="dataSource" />
		<property name="configLocation"
			value="classpath:config/mybatis/sqlMapConfig.xml" />
		<property name="mapperLocations"
			value="classpath:config/sqlmap/oracle/*.xml"></property> <!-- 여러개 있을수도 있기 때문에 *, 그 상위는 **로 표현 가능 -->
	</bean>

	<bean id="sqlSessionTemplate"
		class="org.mybatis.spring.SqlSessionTemplate">
		<constructor-arg ref="sqlSessionFactory" />
	</bean>

	<mvc:view-resolvers>
		<mvc:jsp prefix="/WEB-INF/jsp/" suffix=".jsp" />
	</mvc:view-resolvers>

	<bean class="kr.ac.kopo.interceptor.LoginInterceptor" id="loginInterceptor" />
	<mvc:interceptors>
		<mvc:interceptor>
			<mvc:mapping path="/**" />
			<mvc:exclude-mapping path="/login" />
			<mvc:exclude-mapping path="/resources/**" />
			<mvc:exclude-mapping path="/" />
			<ref bean="loginInterceptor" />
		</mvc:interceptor>
	</mvc:interceptors>

</beans>