이용일자,업종대분류코드,카드결제건수
20190101,1,149
20190101,2,189
20190101,3,142
20190101,4,464
20190101,5,1752
20190101,6,260
20190101,7,9264
20190101,8,11307
20190101,9,1192
20190101,10,432
20190101,11,186
20190101,12,1782
20190101,12,415
20190102,1,239
20190102,2,566
20190102,3,551
20190102,4,521
20190102,5,1409
20190102,6,182
20190102,7,9481
20190102,8,12162
20190102,9,1241
20190102,10,3408
20190102,11,404
20190102,12,2093
20190102,12,382
20190103,1,228
20190103,2,552
20190103,3,491
20190103,4,500
20190103,5,1355
20190103,6,189
20190103,7,10082
20190103,8,12042
20190103,9,1285
20190103,10,3020
20190103,11,398
20190103,12,2114
20190103,12,384
20190104,1,239
20190104,2,463
20190104,3,426
20190104,4,525
20190104,5,1430
20190104,6,197
20190104,7,10948
20190104,8,12463
20190104,9,1376
20190104,10,3091
20190104,11,406
20190104,12,2203
20190104,12,410
20190105,1,239
20190105,2,441
20190105,3,294
20190105,4,748
20190105,5,1937
20190105,6,273
20190105,7,11327
20190105,8,13251
20190105,9,1499
20190105,10,2293
20190105,11,391
20190105,12,2106
20190105,12,573
20190106,1,184
20190106,2,210
20190106,3,188
20190106,4,626
20190106,5,1739
20190106,6,252
20190106,7,9644
20190106,8,12117
20190106,9,1126
20190106,10,438
20190106,11,211
20190106,12,1751
20190106,12,462
20190107,1,266
20190107,2,885
20190107,3,466
20190107,4,464
20190107,5,1229
20190107,6,188
20190107,7,9650
20190107,8,12471
20190107,9,1300
20190107,10,3539
20190107,11,397
20190107,12,2075
20190107,12,349
20190108,1,295
20190108,2,460
20190108,3,394
20190108,4,450
20190108,5,1216
20190108,6,191
20190108,7,10055
20190108,8,12121
20190108,9,1271
20190108,10,2883
20190108,11,386
20190108,12,2075
20190108,12,355
20190109,1,221
20190109,2,472
20190109,3,351
20190109,4,504
20190109,5,1228
20190109,6,191
20190109,7,10246
20190109,8,11784
20190109,9,1291
20190109,10,2695
20190109,11,381
20190109,12,2063
20190109,12,363
20190110,1,956
20190110,2,919
20190110,3,342
20190110,4,542
20190110,5,1277
20190110,6,199
20190110,7,10593
20190110,8,12314
20190110,9,1308
20190110,10,2720
20190110,11,375
20190110,12,2073
20190110,12,391
20190111,1,240
20190111,2,473
20190111,3,314
20190111,4,598
20190111,5,1413
20190111,6,212
20190111,7,11398
20190111,8,13047
20190111,9,1447
20190111,10,2930
20190111,11,402
20190111,12,2208
20190111,12,427
20190112,1,247
20190112,2,431
20190112,3,231
20190112,4,840
20190112,5,1991
20190112,6,299
20190112,7,11642
20190112,8,13677
20190112,9,1559
20190112,10,2179
20190112,11,390
20190112,12,2077
20190112,12,574
20190113,1,192
20190113,2,214
20190113,3,161
20190113,4,645
20190113,5,1844
20190113,6,278
20190113,7,10051
20190113,8,11356
20190113,9,1257
20190113,10,398
20190113,11,223
20190113,12,1769
20190113,12,474
20190114,1,229
20190114,2,481
20190114,3,439
20190114,4,457
20190114,5,1193
20190114,6,196
20190114,7,9478
20190114,8,12205
20190114,9,1302
20190114,10,3459
20190114,11,381
20190114,12,2034
20190114,12,330
20190115,1,602
20190115,2,842
20190115,3,423
20190115,4,429
20190115,5,1180
20190115,6,201
20190115,7,9978
20190115,8,12058
20190115,9,1284
20190115,10,2804
20190115,11,374
20190115,12,2050
20190115,12,332
20190116,1,224
20190116,2,475
20190116,3,506
20190116,4,482
20190116,5,1199
20190116,6,201
20190116,7,10364
20190116,8,12233
20190116,9,1329
20190116,10,2646
20190116,11,378
20190116,12,2092
20190116,12,359
20190117,1,224
20190117,2,428
20190117,3,444
20190117,4,492
20190117,5,1239
20190117,6,203
20190117,7,10390
20190117,8,12382
20190117,9,1326
20190117,10,2639
20190117,11,376
20190117,12,2089
20190117,12,361
20190118,1,239
20190118,2,454
20190118,3,412
20190118,4,551
20190118,5,1379
20190118,6,215
20190118,7,11383
20190118,8,12829
20190118,9,1472
20190118,10,2868
20190118,11,401
20190118,12,2243
20190118,12,404
20190119,1,246
20190119,2,440
20190119,3,238
20190119,4,780
20190119,5,1964
20190119,6,302
20190119,7,11701
20190119,8,13563
20190119,9,1587
20190119,10,2129
20190119,11,396
20190119,12,2130
20190119,12,542
20190120,1,194
20190120,2,217
20190120,3,163
20190120,4,646
20190120,5,1783
20190120,6,278
20190120,7,9957
20190120,8,12321
20190120,9,1197
20190120,10,403
20190120,11,225
20190120,12,1791
20190120,12,440
20190121,1,597
20190121,2,795
20190121,3,511
20190121,4,465
20190121,5,1208
20190121,6,202
20190121,7,9667
20190121,8,12068
20190121,9,1360
20190121,10,3368
20190121,11,383
20190121,12,2074
20190121,12,333
20190122,1,221
20190122,2,536
20190122,3,398
20190122,4,443
20190122,5,1194
20190122,6,200
20190122,7,10306
20190122,8,12273
20190122,9,1352
20190122,10,2826
20190122,11,386
20190122,12,2063
20190122,12,346
20190123,1,221
20190123,2,478
20190123,3,360
20190123,4,488
20190123,5,1263
20190123,6,199
20190123,7,10360
20190123,8,12065
20190123,9,1369
20190123,10,2663
20190123,11,385
20190123,12,2056
20190123,12,348
20190124,1,236
20190124,2,450
20190124,3,337
20190124,4,490
20190124,5,1294
20190124,6,204
20190124,7,10502
20190124,8,12403
20190124,9,1378
20190124,10,2657
20190124,11,384
20190124,12,2085
20190124,12,361
20190125,1,297
20190125,2,1460
20190125,3,344
20190125,4,544
20190125,5,1393
20190125,6,216
20190125,7,11312
20190125,8,13044
20190125,9,1484
20190125,10,2862
20190125,11,397
20190125,12,2235
20190125,12,394
20190126,1,243
20190126,2,451
20190126,3,246
20190126,4,805
20190126,5,2096
20190126,6,297
20190126,7,11673
20190126,8,13694
20190126,9,1625
20190126,10,2131
20190126,11,401
20190126,12,2209
20190126,12,558
20190127,1,189
20190127,2,225
20190127,3,172
20190127,4,679
20190127,5,1969
20190127,6,270
20190127,7,10217
20190127,8,11454
20190127,9,1365
20190127,10,383
20190127,11,233
20190127,12,1840
20190127,12,472
20190128,1,259
20190128,2,520
20190128,3,367
20190128,4,501
20190128,5,1315
20190128,6,192
20190128,7,9732
20190128,8,13004
20190128,9,1437
20190128,10,3469
20190128,11,396
20190128,12,2125
20190128,12,335
20190129,1,222
20190129,2,470
20190129,3,382
20190129,4,489
20190129,5,1319
20190129,6,186
20190129,7,10278
20190129,8,12712
20190129,9,1493
20190129,10,2903
20190129,11,400
20190129,12,2139
20190129,12,346
20190130,1,226
20190130,2,484
20190130,3,357
20190130,4,543
20190130,5,1432
20190130,6,183
20190130,7,10578
20190130,8,12498
20190130,9,1534
20190130,10,2794
20190130,11,406
20190130,12,2143
20190130,12,373
20190131,1,238
20190131,2,423
20190131,3,348
20190131,4,551
20190131,5,1397
20190131,6,179
20190131,7,10631
20190131,8,12960
20190131,9,1539
20190131,10,2779
20190131,11,399
20190131,12,2145
20190131,12,372
20190201,1,244
20190201,2,433
20190201,3,446
20190201,4,678
20190201,5,1628
20190201,6,197
20190201,7,11447
20190201,8,13414
20190201,9,1891
20190201,10,3326
20190201,11,453
20190201,12,2477
20190201,12,454
20190202,1,239
20190202,2,359
20190202,3,255
20190202,4,881
20190202,5,2193
20190202,6,275
20190202,7,11259
20190202,8,14689
20190202,9,2395
20190202,10,2489
20190202,11,383
20190202,12,2308
20190202,12,612
20190203,1,180
20190203,2,162
20190203,3,129
20190203,4,618
20190203,5,1926
20190203,6,259
20190203,7,9084
20190203,8,13527
20190203,9,2232
20190203,10,524
20190203,11,170
20190203,12,1659
20190203,12,415
20190204,1,151
20190204,2,149
20190204,3,98
20190204,4,503
20190204,5,1819
20190204,6,233
20190204,7,7434
20190204,8,13295
20190204,9,2398
20190204,10,617
20190204,11,156
20190204,12,1914
20190204,12,375
20190205,1,84
20190205,2,85
20190205,3,37
20190205,4,176
20190205,5,1436
20190205,6,195
20190205,7,5332
20190205,8,8553
20190205,9,815
20190205,10,238
20190205,11,117
20190205,12,1718
20190205,12,162
20190206,1,160
20190206,2,142
20190206,3,125
20190206,4,458
20190206,5,1845
20190206,6,228
20190206,7,8137
20190206,8,10691
20190206,9,788
20190206,10,553
20190206,11,171
20190206,12,1722
20190206,12,452
20190207,1,270
20190207,2,914
20190207,3,444
20190207,4,569
20190207,5,1441
20190207,6,189
20190207,7,9359
20190207,8,12091
20190207,9,874
20190207,10,3621
20190207,11,426
20190207,12,2041
20190207,12,400
20190208,1,308
20190208,2,461
20190208,3,408
20190208,4,563
20190208,5,1451
20190208,6,194
20190208,7,10435
20190208,8,11633
20190208,9,1058
20190208,10,3064
20190208,11,416
20190208,12,2121
20190208,12,405
20190209,1,241
20190209,2,433
20190209,3,267
20190209,4,747
20190209,5,2032
20190209,6,265
20190209,7,11050
20190209,8,12680
20190209,9,1199
20190209,10,2218
20190209,11,385
20190209,12,2033
20190209,12,567
20190210,1,182
20190210,2,202
20190210,3,180
20190210,4,624
20190210,5,1805
20190210,6,244
20190210,7,9542
20190210,8,10621
20190210,9,987
20190210,10,370
20190210,11,209
20190210,12,1681
20190210,12,463
20190211,1,960
20190211,2,1008
20190211,3,421
20190211,4,483
20190211,5,1253
20190211,6,179
20190211,7,9534
20190211,8,12099
20190211,9,1175
20190211,10,3396
20190211,11,397
20190211,12,2096
20190211,12,347
20190212,1,223
20190212,2,462
20190212,3,370
20190212,4,468
20190212,5,1264
20190212,6,184
20190212,7,10153
20190212,8,11865
20190212,9,1191
20190212,10,2831
20190212,11,395
20190212,12,2081
20190212,12,358
20190213,1,219
20190213,2,481
20190213,3,356
20190213,4,550
20190213,5,1292
20190213,6,190
20190213,7,10440
20190213,8,12337
20190213,9,1222
20190213,10,2668
20190213,11,390
20190213,12,2096
20190213,12,371
20190214,1,226
20190214,2,446
20190214,3,329
20190214,4,544
20190214,5,1368
20190214,6,205
20190214,7,10796
20190214,8,12816
20190214,9,1256
20190214,10,2678
20190214,11,390
20190214,12,2114
20190214,12,382
20190215,1,605
20190215,2,835
20190215,3,288
20190215,4,547
20190215,5,1401
20190215,6,206
20190215,7,11110
20190215,8,12125
20190215,9,1279
20190215,10,2767
20190215,11,373
20190215,12,2101
20190215,12,364
20190216,1,247
20190216,2,436
20190216,3,248
20190216,4,811
20190216,5,2030
20190216,6,289
20190216,7,11695
20190216,8,13272
20190216,9,1444
20190216,10,2124
20190216,11,401
20190216,12,2169
20190216,12,567
20190217,1,194
20190217,2,215
20190217,3,170
20190217,4,623
20190217,5,1875
20190217,6,269
20190217,7,10053
20190217,8,12294
20190217,9,1125
20190217,10,397
20190217,11,236
20190217,12,1852
20190217,12,474
20190218,1,229
20190218,2,508
20190218,3,750
20190218,4,449
20190218,5,1281
20190218,6,200
20190218,7,9645
20190218,8,12481
20190218,9,1393
20190218,10,3314
20190218,11,401
20190218,12,2113
20190218,12,342
20190219,1,213
20190219,2,419
20190219,3,589
20190219,4,402
20190219,5,1222
20190219,6,190
20190219,7,9689
20190219,8,11422
20190219,9,1195
20190219,10,2576
20190219,11,343
20190219,12,1787
20190219,12,302
20190220,1,578
20190220,2,805
20190220,3,563
20190220,4,486
20190220,5,1366
20190220,6,194
20190220,7,10494
20190220,8,12125
20190220,9,1253
20190220,10,2652
20190220,11,407
20190220,12,2120
20190220,12,370
20190221,1,230
20190221,2,473
20190221,3,441
20190221,4,502
20190221,5,1398
20190221,6,203
20190221,7,10764
20190221,8,12117
20190221,9,1255
20190221,10,2657
20190221,11,414
20190221,12,2138
20190221,12,385
20190222,1,241
20190222,2,558
20190222,3,401
20190222,4,558
20190222,5,1543
20190222,6,209
20190222,7,11595
20190222,8,12738
20190222,9,1382
20190222,10,2867
20190222,11,434
20190222,12,2244
20190222,12,417
20190223,1,253
20190223,2,483
20190223,3,282
20190223,4,775
20190223,5,2102
20190223,6,289
20190223,7,12168
20190223,8,13997
20190223,9,1520
20190223,10,2109
20190223,11,432
20190223,12,2207
20190223,12,616
20190224,1,201
20190224,2,232
20190224,3,202
20190224,4,631
20190224,5,1975
20190224,6,273
20190224,7,10716
20190224,8,11813
20190224,9,1264
20190224,10,370
20190224,11,258
20190224,12,1863
20190224,12,533
20190225,1,292
20190225,2,1518
20190225,3,433
20190225,4,512
20190225,5,1420
20190225,6,207
20190225,7,10305
20190225,8,12865
20190225,9,1316
20190225,10,3386
20190225,11,430
20190225,12,2106
20190225,12,389
20190226,1,267
20190226,2,503
20190226,3,425
20190226,4,487
20190226,5,1463
20190226,6,206
20190226,7,10940
20190226,8,13315
20190226,9,1323
20190226,10,2866
20190226,11,427
20190226,12,2106
20190226,12,400
20190227,1,235
20190227,2,533
20190227,3,437
20190227,4,540
20190227,5,1504
20190227,6,204
20190227,7,11126
20190227,8,12692
20190227,9,1339
20190227,10,2773
20190227,11,425
20190227,12,2083
20190227,12,407
20190228,1,266
20190228,2,584
20190228,3,483
20190228,4,589
20190228,5,1652
20190228,6,226
20190228,7,11938
20190228,8,13861
20190228,9,1437
20190228,10,3018
20190228,11,447
20190228,12,2338
20190228,12,450
20190301,1,231
20190301,2,387
20190301,3,271
20190301,4,767
20190301,5,2212
20190301,6,315
20190301,7,12035
20190301,8,14244
20190301,9,1541
20190301,10,624
20190301,11,327
20190301,12,2114
20190301,12,668
20190302,1,259
20190302,2,477
20190302,3,385
20190302,4,827
20190302,5,2245
20190302,6,287
20190302,7,12040
20190302,8,14559
20190302,9,1603
20190302,10,2316
20190302,11,397
20190302,12,2067
20190302,12,682
20190303,1,208
20190303,2,228
20190303,3,377
20190303,4,724
20190303,5,1931
20190303,6,227
20190303,7,10338
20190303,8,13817
20190303,9,1208
20190303,10,432
20190303,11,234
20190303,12,1828
20190303,12,569
20190304,1,275
20190304,2,608
20190304,3,1010
20190304,4,485
20190304,5,1524
20190304,6,163
20190304,7,10403
20190304,8,13423
20190304,9,1366
20190304,10,3472
20190304,11,439
20190304,12,2040
20190304,12,382
20190305,1,293
20190305,2,921
20190305,3,784
20190305,4,433
20190305,5,1443
20190305,6,161
20190305,7,10375
20190305,8,13629
20190305,9,1378
20190305,10,2887
20190305,11,404
20190305,12,2009
20190305,12,352
20190306,1,272
20190306,2,559
20190306,3,604
20190306,4,466
20190306,5,1515
20190306,6,164
20190306,7,10631
20190306,8,13131
20190306,9,1401
20190306,10,2677
20190306,11,400
20190306,12,2000
20190306,12,363
20190307,1,267
20190307,2,543
20190307,3,495
20190307,4,481
20190307,5,1486
20190307,6,167
20190307,7,11015
20190307,8,13416
20190307,9,1438
20190307,10,2607
20190307,11,410
20190307,12,2075
20190307,12,389
20190308,1,344
20190308,2,543
20190308,3,419
20190308,4,554
20190308,5,1603
20190308,6,182
20190308,7,12042
20190308,8,13729
20190308,9,1546
20190308,10,2809
20190308,11,435
20190308,12,2239
20190308,12,452
20190309,1,273
20190309,2,589
20190309,3,378
20190309,4,805
20190309,5,2348
20190309,6,245
20190309,7,12732
20190309,8,15207
20190309,9,1639
20190309,10,2275
20190309,11,444
20190309,12,2208
20190309,12,714
20190310,1,212
20190310,2,221
20190310,3,294
20190310,4,663
20190310,5,2016
20190310,6,226
20190310,7,10535
20190310,8,12361
20190310,9,1253
20190310,10,408
20190310,11,237
20190310,12,1694
20190310,12,540
20190311,1,1020
20190311,2,1131
20190311,3,495
20190311,4,439
20190311,5,1378
20190311,6,164
20190311,7,10131
20190311,8,13353
20190311,9,1418
20190311,10,3353
20190311,11,400
20190311,12,2054
20190311,12,347
20190312,1,277
20190312,2,499
20190312,3,424
20190312,4,404
20190312,5,1274
20190312,6,165
20190312,7,10526
20190312,8,12672
20190312,9,1399
20190312,10,2797
20190312,11,385
20190312,12,2057
20190312,12,330
20190313,1,267
20190313,2,518
20190313,3,412
20190313,4,479
20190313,5,1285
20190313,6,173
20190313,7,11019
20190313,8,13000
20190313,9,1467
20190313,10,2667
20190313,11,397
20190313,12,2151
20190313,12,348
20190314,1,265
20190314,2,483
20190314,3,464
20190314,4,510
20190314,5,1326
20190314,6,182
20190314,7,11383
20190314,8,13883
20190314,9,1482
20190314,10,2692
20190314,11,392
20190314,12,2126
20190314,12,376
20190315,1,627
20190315,2,875
20190315,3,437
20190315,4,533
20190315,5,1384
20190315,6,184
20190315,7,11473
20190315,8,13130
20190315,9,1463
20190315,10,2850
20190315,11,400
20190315,12,2177
20190315,12,380
20190316,1,260
20190316,2,504
20190316,3,303
20190316,4,842
20190316,5,2175
20190316,6,254
20190316,7,12510
20190316,8,14519
20190316,9,1633
20190316,10,2357
20190316,11,437
20190316,12,2283
20190316,12,665
20190317,1,208
20190317,2,240
20190317,3,226
20190317,4,657
20190317,5,1961
20190317,6,233
20190317,7,10876
20190317,8,13490
20190317,9,1250
20190317,10,475
20190317,11,264
20190317,12,1942
20190317,12,557
20190318,1,277
20190318,2,568
20190318,3,638
20190318,4,458
20190318,5,1244
20190318,6,169
20190318,7,10346
20190318,8,12913
20190318,9,1461
20190318,10,3599
20190318,11,414
20190318,12,2122
20190318,12,369
20190319,1,272
20190319,2,519
20190319,3,532
20190319,4,431
20190319,5,1224
20190319,6,166
20190319,7,11012
20190319,8,13093
20190319,9,1476
20190319,10,2989
20190319,11,403
20190319,12,2065
20190319,12,384
20190320,1,624
20190320,2,788
20190320,3,510
20190320,4,419
20190320,5,1171
20190320,6,169
20190320,7,10473
20190320,8,12549
20190320,9,1354
20190320,10,2675
20190320,11,375
20190320,12,1913
20190320,12,319
20190321,1,264
20190321,2,504
20190321,3,418
20190321,4,465
20190321,5,1257
20190321,6,177
20190321,7,11129
20190321,8,13085
20190321,9,1481
20190321,10,2846
20190321,11,405
20190321,12,2093
20190321,12,378
20190322,1,265
20190322,2,597
20190322,3,375
20190322,4,538
20190322,5,1422
20190322,6,186
20190322,7,12000
20190322,8,13499
20190322,9,1590
20190322,10,3078
20190322,11,425
20190322,12,2294
20190322,12,419
20190323,1,250
20190323,2,522
20190323,3,285
20190323,4,773
20190323,5,2078
20190323,6,252
20190323,7,12223
20190323,8,14410
20190323,9,1601
20190323,10,2423
20190323,11,408
20190323,12,2186
20190323,12,608
20190324,1,203
20190324,2,234
20190324,3,225
20190324,4,664
20190324,5,1967
20190324,6,233
20190324,7,11054
20190324,8,12169
20190324,9,1355
20190324,10,463
20190324,11,262
20190324,12,1968
20190324,12,551
20190325,1,330
20190325,2,1536
20190325,3,446
20190325,4,456
20190325,5,1221
20190325,6,167
20190325,7,10421
20190325,8,13387
20190325,9,1502
20190325,10,3764
20190325,11,413
20190325,12,2143
20190325,12,354
20190326,1,312
20190326,2,520
20190326,3,417
20190326,4,441
20190326,5,1196
20190326,6,167
20190326,7,11130
20190326,8,13821
20190326,9,1539
20190326,10,3064
20190326,11,413
20190326,12,2104
20190326,12,385
20190327,1,269
20190327,2,534
20190327,3,403
20190327,4,479
20190327,5,1274
20190327,6,172
20190327,7,11189
20190327,8,13166
20190327,9,1514
20190327,10,2902
20190327,11,410
20190327,12,2078
20190327,12,381
20190328,1,275
20190328,2,527
20190328,3,389
20190328,4,485
20190328,5,1263
20190328,6,177
20190328,7,11381
20190328,8,13656
20190328,9,1540
20190328,10,2917
20190328,11,412
20190328,12,2113
20190328,12,406
20190329,1,280
20190329,2,565
20190329,3,420
20190329,4,560
20190329,5,1476
20190329,6,185
20190329,7,12346
20190329,8,13933
20190329,9,1660
20190329,10,3130
20190329,11,437
20190329,12,2300
20190329,12,463
20190330,1,254
20190330,2,489
20190330,3,301
20190330,4,772
20190330,5,2072
20190330,6,260
20190330,7,12310
20190330,8,14342
20190330,9,1606
20190330,10,2415
20190330,11,406
20190330,12,2183
20190330,12,610
20190331,1,207
20190331,2,228
20190331,3,226
20190331,4,652
20190331,5,1895
20190331,6,230
20190331,7,10796
20190331,8,13393
20190331,9,1241
20190331,10,500
20190331,11,246
20190331,12,2015
20190331,12,520
20190401,1,287
20190401,2,571
20190401,3,534
20190401,4,490
20190401,5,1254
20190401,6,168
20190401,7,10427
20190401,8,13761
20190401,9,1494
20190401,10,3722
20190401,11,429
20190401,12,2214
20190401,12,347
20190402,1,272
20190402,2,510
20190402,3,471
20190402,4,433
20190402,5,1192
20190402,6,163
20190402,7,11022
20190402,8,13343
20190402,9,1532
20190402,10,3079
20190402,11,413
20190402,12,2162
20190402,12,363
20190403,1,276
20190403,2,544
20190403,3,432
20190403,4,481
20190403,5,1226
20190403,6,170
20190403,7,11285
20190403,8,13456
20190403,9,1531
20190403,10,2932
20190403,11,413
20190403,12,2152
20190403,12,389
20190404,1,271
20190404,2,505
20190404,3,389
20190404,4,503
20190404,5,1217
20190404,6,179
20190404,7,11371
20190404,8,13425
20190404,9,1563
20190404,10,2942
20190404,11,414
20190404,12,2156
20190404,12,400
20190405,1,304
20190405,2,897
20190405,3,374
20190405,4,558
20190405,5,1385
20190405,6,189
20190405,7,12239
20190405,8,14433
20190405,9,1675
20190405,10,3157
20190405,11,429
20190405,12,2316
20190405,12,453
20190406,1,255
20190406,2,498
20190406,3,307
20190406,4,785
20190406,5,2030
20190406,6,264
20190406,7,12744
20190406,8,14820
20190406,9,1716
20190406,10,2422
20190406,11,418
20190406,12,2260
20190406,12,646
20190407,1,207
20190407,2,239
20190407,3,219
20190407,4,644
20190407,5,1837
20190407,6,229
20190407,7,11350
20190407,8,13908
20190407,9,1331
20190407,10,507
20190407,11,281
20190407,12,2035
20190407,12,564
20190408,1,361
20190408,2,562
20190408,3,385
20190408,4,474
20190408,5,1182
20190408,6,172
20190408,7,10679
20190408,8,13685
20190408,9,1545
20190408,10,3818
20190408,11,436
20190408,12,2191
20190408,12,383
20190409,1,267
20190409,2,469
20190409,3,333
20190409,4,383
20190409,5,1039
20190409,6,169
20190409,7,10389
20190409,8,12492
20190409,9,1395
20190409,10,2980
20190409,11,375
20190409,12,1949
20190409,12,310
20190410,1,1018
20190410,2,1161
20190410,3,358
20190410,4,478
20190410,5,1155
20190410,6,175
20190410,7,11140
20190410,8,13190
20190410,9,1527
20190410,10,2904
20190410,11,394
20190410,12,2070
20190410,12,356
20190411,1,278
20190411,2,518
20190411,3,338
20190411,4,528
20190411,5,1237
20190411,6,181
20190411,7,11642
20190411,8,13968
20190411,9,1590
20190411,10,2946
20190411,11,417
20190411,12,2174
20190411,12,420
20190412,1,278
20190412,2,534
20190412,3,443
20190412,4,610
20190412,5,1453
20190412,6,196
20190412,7,12554
20190412,8,14272
20190412,9,1705
20190412,10,3206
20190412,11,449
20190412,12,2347
20190412,12,489
20190413,1,261
20190413,2,536
20190413,3,296
20190413,4,819
20190413,5,2051
20190413,6,270
20190413,7,13456
20190413,8,15423
20190413,9,1797
20190413,10,2397
20190413,11,448
20190413,12,2325
20190413,12,709
20190414,1,205
20190414,2,215
20190414,3,213
20190414,4,653
20190414,5,1760
20190414,6,238
20190414,7,10842
20190414,8,12361
20190414,9,1317
20190414,10,475
20190414,11,237
20190414,12,1810
20190414,12,501
20190415,1,656
20190415,2,981
20190415,3,601
20190415,4,477
20190415,5,1232
20190415,6,173
20190415,7,10980
20190415,8,13548
20190415,9,1600
20190415,10,3882
20190415,11,437
20190415,12,2231
20190415,12,404
20190416,1,287
20190416,2,536
20190416,3,524
20190416,4,433
20190416,5,1216
20190416,6,173
20190416,7,11456
20190416,8,13893
20190416,9,1582
20190416,10,3160
20190416,11,423
20190416,12,2132
20190416,12,409
20190417,1,295
20190417,2,587
20190417,3,465
20190417,4,487
20190417,5,1231
20190417,6,176
20190417,7,11711
20190417,8,14228
20190417,9,1603
20190417,10,3000
20190417,11,430
20190417,12,2122
20190417,12,436
20190418,1,288
20190418,2,513
20190418,3,408
20190418,4,464
20190418,5,1223
20190418,6,185
20190418,7,11372
20190418,8,13925
20190418,9,1551
20190418,10,2936
20190418,11,402
20190418,12,2101
20190418,12,406
20190419,1,283
20190419,2,527
20190419,3,391
20190419,4,541
20190419,5,1388
20190419,6,191
20190419,7,12358
20190419,8,14367
20190419,9,1687
20190419,10,3181
20190419,11,435
20190419,12,2299
20190419,12,471
20190420,1,266
20190420,2,543
20190420,3,297
20190420,4,758
20190420,5,2071
20190420,6,263
20190420,7,13283
20190420,8,15493
20190420,9,1773
20190420,10,2401
20190420,11,456
20190420,12,2305
20190420,12,711
20190421,1,214
20190421,2,245
20190421,3,209
20190421,4,613
20190421,5,1801
20190421,6,236
20190421,7,11330
20190421,8,14234
20190421,9,1336
20190421,10,505
20190421,11,265
20190421,12,1931
20190421,12,562
20190422,1,665
20190422,2,977
20190422,3,478
20190422,4,461
20190422,5,1241
20190422,6,176
20190422,7,10990
20190422,8,14299
20190422,9,1617
20190422,10,3809
20190422,11,442
20190422,12,2188
20190422,12,426
20190423,1,282
20190423,2,514
20190423,3,377
20190423,4,407
20190423,5,1183
20190423,6,177
20190423,7,11108
20190423,8,13970
20190423,9,1529
20190423,10,3084
20190423,11,406
20190423,12,2062
20190423,12,399
20190424,1,283
20190424,2,589
20190424,3,370
20190424,4,485
20190424,5,1512
20190424,6,173
20190424,7,11631
20190424,8,14094
20190424,9,1611
20190424,10,2942
20190424,11,433
20190424,12,2089
20190424,12,456
20190425,1,326
20190425,2,1487
20190425,3,350
20190425,4,433
20190425,5,1409
20190425,6,183
20190425,7,11012
20190425,8,13398
20190425,9,1453
20190425,10,2760
20190425,11,395
20190425,12,2021
20190425,12,378
20190426,1,292
20190426,2,532
20190426,3,355
20190426,4,526
20190426,5,1650
20190426,6,190
20190426,7,11924
20190426,8,14514
20190426,9,1593
20190426,10,3019
20190426,11,417
20190426,12,2265
20190426,12,441
20190427,1,260
20190427,2,630
20190427,3,294
20190427,4,769
20190427,5,2446
20190427,6,265
20190427,7,13417
20190427,8,15707
20190427,9,1847
20190427,10,2301
20190427,11,473
20190427,12,2432
20190427,12,778
20190428,1,206
20190428,2,256
20190428,3,205
20190428,4,607
20190428,5,2164
20190428,6,236
20190428,7,11451
20190428,8,12953
20190428,9,1462
20190428,10,458
20190428,11,283
20190428,12,1958
20190428,12,602
20190429,1,281
20190429,2,565
20190429,3,445
20190429,4,439
20190429,5,1348
20190429,6,170
20190429,7,10635
20190429,8,13596
20190429,9,1493
20190429,10,3717
20190429,11,416
20190429,12,2135
20190429,12,361
20190430,1,303
20190430,2,621
20190430,3,426
20190430,4,464
20190430,5,1546
20190430,6,171
20190430,7,12216
20190430,8,15074
20190430,9,1659
20190430,10,3149
20190430,11,455
20190430,12,2344
20190430,12,468
20190501,1,259
20190501,2,552
20190501,3,398
20190501,4,663
20190501,5,2110
20190501,6,201
20190501,7,12660
20190501,8,14829
20190501,9,1649
20190501,10,2435
20190501,11,412
20190501,12,2123
20190501,12,698
20190502,1,290
20190502,2,589
20190502,3,458
20190502,4,503
20190502,5,1501
20190502,6,180
20190502,7,11590
20190502,8,14510
20190502,9,1600
20190502,10,3139
20190502,11,437
20190502,12,2227
20190502,12,511
20190503,1,274
20190503,2,577
20190503,3,401
20190503,4,574
20190503,5,1741
20190503,6,197
20190503,7,12681
20190503,8,14960
20190503,9,1737
20190503,10,3322
20190503,11,462
20190503,12,2504
20190503,12,594
20190504,1,252
20190504,2,528
20190504,3,278
20190504,4,701
20190504,5,2443
20190504,6,287
20190504,7,13206
20190504,8,16020
20190504,9,1916
20190504,10,2351
20190504,11,426
20190504,12,2586
20190504,12,824
20190505,1,203
20190505,2,291
20190505,3,198
20190505,4,510
20190505,5,2526
20190505,6,300
20190505,7,12493
20190505,8,15092
20190505,9,1638
20190505,10,463
20190505,11,262
20190505,12,2198
20190505,12,745
20190506,1,206
20190506,2,398
20190506,3,217
20190506,4,601
20190506,5,2150
20190506,6,228
20190506,7,11480
20190506,8,13965
20190506,9,1494
20190506,10,1410
20190506,11,353
20190506,12,3099
20190506,12,673
20190507,1,328
20190507,2,975
20190507,3,485
20190507,4,449
20190507,5,1540
20190507,6,172
20190507,7,10939
20190507,8,14235
20190507,9,1578
20190507,10,3806
20190507,11,435
20190507,12,2177
20190507,12,441
20190508,1,351
20190508,2,570
20190508,3,434
20190508,4,475
20190508,5,1504
20190508,6,164
20190508,7,11742
20190508,8,13792
20190508,9,1628
20190508,10,3054
20190508,11,405
20190508,12,2064
20190508,12,438
20190509,1,280
20190509,2,522
20190509,3,355
20190509,4,497
20190509,5,1262
20190509,6,173
20190509,7,11232
20190509,8,13642
20190509,9,1533
20190509,10,2964
20190509,11,410
20190509,12,2070
20190509,12,453
20190510,1,1036
20190510,2,1229
20190510,3,351
20190510,4,567
20190510,5,1468
20190510,6,186
20190510,7,12294
20190510,8,14604
20190510,9,1643
20190510,10,3178
20190510,11,440
20190510,12,2246
20190510,12,528
20190511,1,264
20190511,2,536
20190511,3,273
20190511,4,772
20190511,5,2170
20190511,6,251
20190511,7,13059
20190511,8,16247
20190511,9,1768
20190511,10,2412
20190511,11,449
20190511,12,2247
20190511,12,789
20190512,1,202
20190512,2,238
20190512,3,201
20190512,4,595
20190512,5,1958
20190512,6,234
20190512,7,11374
20190512,8,13460
20190512,9,1430
20190512,10,456
20190512,11,267
20190512,12,1950
20190512,12,671
20190513,1,292
20190513,2,571
20190513,3,373
20190513,4,450
20190513,5,1233
20190513,6,174
20190513,7,10477
20190513,8,13877
20190513,9,1543
20190513,10,3742
20190513,11,415
20190513,12,2098
20190513,12,418
20190514,1,292
20190514,2,535
20190514,3,378
20190514,4,430
20190514,5,1379
20190514,6,175
20190514,7,11330
20190514,8,14397
20190514,9,1585
20190514,10,3059
20190514,11,417
20190514,12,2160
20190514,12,470
20190515,1,652
20190515,2,985
20190515,3,502
20190515,4,532
20190515,5,1399
20190515,6,181
20190515,7,11660
20190515,8,14507
20190515,9,1564
20190515,10,2871
20190515,11,424
20190515,12,2170
20190515,12,501
20190516,1,305
20190516,2,530
20190516,3,403
20190516,4,519
20190516,5,1314
20190516,6,184
20190516,7,11580
20190516,8,14874
20190516,9,1609
20190516,10,2841
20190516,11,422
20190516,12,2205
20190516,12,514
20190517,1,289
20190517,2,542
20190517,3,525
20190517,4,571
20190517,5,1510
20190517,6,194
20190517,7,12290
20190517,8,14959
20190517,9,1683
20190517,10,3045
20190517,11,433
20190517,12,2342
20190517,12,544
20190518,1,259
20190518,2,500
20190518,3,272
20190518,4,770
20190518,5,2133
20190518,6,261
20190518,7,12722
20190518,8,15576
20190518,9,1719
20190518,10,2263
20190518,11,417
20190518,12,2157
20190518,12,751
20190519,1,200
20190519,2,217
20190519,3,187
20190519,4,563
20190519,5,1851
20190519,6,240
20190519,7,10250
20190519,8,13398
20190519,9,1166
20190519,10,434
20190519,11,216
20190519,12,1743
20190519,12,521
20190520,1,656
20190520,2,886
20190520,3,597
20190520,4,446
20190520,5,1293
20190520,6,174
20190520,7,10673
20190520,8,14011
20190520,9,1576
20190520,10,3577
20190520,11,418
20190520,12,2203
20190520,12,429
20190521,1,293
20190521,2,540
20190521,3,447
20190521,4,412
20190521,5,1273
20190521,6,175
20190521,7,11338
20190521,8,14032
20190521,9,1570
20190521,10,2945
20190521,11,406
20190521,12,2190
20190521,12,438
20190522,1,287
20190522,2,649
20190522,3,401
20190522,4,454
20190522,5,1254
20190522,6,181
20190522,7,11470
20190522,8,14001
20190522,9,1588
20190522,10,2814
20190522,11,404
20190522,12,2184
20190522,12,452
20190523,1,294
20190523,2,522
20190523,3,366
20190523,4,463
20190523,5,1286
20190523,6,189
20190523,7,11616
20190523,8,14609
20190523,9,1607
20190523,10,2820
20190523,11,407
20190523,12,2224
20190523,12,470
20190524,1,306
20190524,2,530
20190524,3,358
20190524,4,544
20190524,5,1491
20190524,6,199
20190524,7,12559
20190524,8,15390
20190524,9,1714
20190524,10,3028
20190524,11,435
20190524,12,2434
20190524,12,541
20190525,1,271
20190525,2,532
20190525,3,276
20190525,4,750
20190525,5,2196
20190525,6,283
20190525,7,13296
20190525,8,16650
20190525,9,1817
20190525,10,2253
20190525,11,440
20190525,12,2384
20190525,12,793
20190526,1,218
20190526,2,248
20190526,3,204
20190526,4,588
20190526,5,2008
20190526,6,253
20190526,7,11719
20190526,8,14013
20190526,9,1497
20190526,10,428
20190526,11,268
20190526,12,2019
20190526,12,665
20190527,1,369
20190527,2,1450
20190527,3,375
20190527,4,425
20190527,5,1124
20190527,6,174
20190527,7,10022
20190527,8,13787
20190527,9,1419
20190527,10,3415
20190527,11,377
20190527,12,1980
20190527,12,318
20190528,1,299
20190528,2,568
20190528,3,404
20190528,4,424
20190528,5,1283
20190528,6,173
20190528,7,11432
20190528,8,14412
20190528,9,1643
20190528,10,3021
20190528,11,417
20190528,12,2240
20190528,12,451
20190529,1,296
20190529,2,571
20190529,3,412
20190529,4,468
20190529,5,1313
20190529,6,170
20190529,7,11630
20190529,8,14600
20190529,9,1630
20190529,10,2808
20190529,11,411
20190529,12,2217
20190529,12,456
20190530,1,297
20190530,2,529
20190530,3,357
20190530,4,456
20190530,5,1368
20190530,6,175
20190530,7,11536
20190530,8,14222
20190530,9,1600
20190530,10,2831
20190530,11,407
20190530,12,2196
20190530,12,447
20190531,1,301
20190531,2,566
20190531,3,370
20190531,4,530
20190531,5,1606
20190531,6,188
20190531,7,12560
20190531,8,15467
20190531,9,1761
20190531,10,3015
20190531,11,438
20190531,12,2422
20190531,12,511
20190601,1,265
20190601,2,516
20190601,3,319
20190601,4,727
20190601,5,2309
20190601,6,267
20190601,7,13153
20190601,8,15931
20190601,9,1849
20190601,10,2257
20190601,11,439
20190601,12,2359
20190601,12,779
20190602,1,207
20190602,2,250
20190602,3,215
20190602,4,568
20190602,5,2023
20190602,6,240
20190602,7,11287
20190602,8,14910
20190602,9,1420
20190602,10,456
20190602,11,265
20190602,12,1998
20190602,12,629
20190603,1,319
20190603,2,589
20190603,3,540
20190603,4,439
20190603,5,1320
20190603,6,173
20190603,7,10767
20190603,8,14683
20190603,9,1611
20190603,10,3576
20190603,11,420
20190603,12,2236
20190603,12,406
20190604,1,312
20190604,2,527
20190604,3,449
20190604,4,433
20190604,5,1326
20190604,6,178
20190604,7,11361
20190604,8,14507
20190604,9,1598
20190604,10,2943
20190604,11,408
20190604,12,2216
20190604,12,428
20190605,1,352
20190605,2,944
20190605,3,415
20190605,4,496
20190605,5,1449
20190605,6,195
20190605,7,12176
20190605,8,15703
20190605,9,1682
20190605,10,2918
20190605,11,418
20190605,12,2333
20190605,12,459
20190606,1,225
20190606,2,342
20190606,3,222
20190606,4,585
20190606,5,2164
20190606,6,278
20190606,7,11600
20190606,8,14116
20190606,9,1522
20190606,10,610
20190606,11,301
20190606,12,2013
20190606,12,620
20190607,1,297
20190607,2,536
20190607,3,370
20190607,4,551
20190607,5,1732
20190607,6,234
20190607,7,11952
20190607,8,14290
20190607,9,1634
20190607,10,3493
20190607,11,441
20190607,12,2145
20190607,12,488
20190608,1,259
20190608,2,504
20190608,3,286
20190608,4,675
20190608,5,2255
20190608,6,280
20190608,7,12925
20190608,8,15737
20190608,9,1823
20190608,10,2122
20190608,11,422
20190608,12,2314
20190608,12,687
20190609,1,208
20190609,2,235
20190609,3,207
20190609,4,533
20190609,5,1896
20190609,6,236
20190609,7,10957
20190609,8,12871
20190609,9,1415
20190609,10,413
20190609,11,242
20190609,12,1884
20190609,12,518
20190610,1,1140
20190610,2,1320
20190610,3,416
20190610,4,426
20190610,5,1235
20190610,6,180
20190610,7,10595
20190610,8,13949
20190610,9,1576
20190610,10,3557
20190610,11,408
20190610,12,2143
20190610,12,384
20190611,1,306
20190611,2,534
20190611,3,378
20190611,4,394
20190611,5,1238
20190611,6,182
20190611,7,11259
20190611,8,14579
20190611,9,1578
20190611,10,2902
20190611,11,403
20190611,12,2178
20190611,12,405
20190612,1,305
20190612,2,552
20190612,3,348
20190612,4,442
20190612,5,1257
20190612,6,182
20190612,7,11445
20190612,8,14149
20190612,9,1599
20190612,10,2745
20190612,11,404
20190612,12,2181
20190612,12,424
20190613,1,312
20190613,2,518
20190613,3,332
20190613,4,466
20190613,5,1274
20190613,6,188
20190613,7,11629
20190613,8,14479
20190613,9,1616
20190613,10,2708
20190613,11,402
20190613,12,2231
20190613,12,451
20190614,1,294
20190614,2,505
20190614,3,431
20190614,4,527
20190614,5,1463
20190614,6,198
20190614,7,12214
20190614,8,14566
20190614,9,1686
20190614,10,2929
20190614,11,412
20190614,12,2358
20190614,12,470
20190615,1,266
20190615,2,499
20190615,3,288
20190615,4,738
20190615,5,2145
20190615,6,271
20190615,7,13168
20190615,8,16337
20190615,9,1818
20190615,10,2186
20190615,11,421
20190615,12,2355
20190615,12,688
20190616,1,217
20190616,2,246
20190616,3,204
20190616,4,555
20190616,5,1863
20190616,6,245
20190616,7,11305
20190616,8,14611
20190616,9,1363
20190616,10,432
20190616,11,247
20190616,12,1951
20190616,12,540
20190617,1,647
20190617,2,984
20190617,3,500
20190617,4,457
20190617,5,1286
20190617,6,186
20190617,7,10787
20190617,8,13972
20190617,9,1592
20190617,10,3501
20190617,11,413
20190617,12,2217
20190617,12,418
20190618,1,278
20190618,2,493
20190618,3,569
20190618,4,381
20190618,5,1225
20190618,6,186
20190618,7,10789
20190618,8,13761
20190618,9,1484
20190618,10,2827
20190618,11,386
20190618,12,2095
20190618,12,373
20190619,1,279
20190619,2,541
20190619,3,497
20190619,4,453
20190619,5,1317
20190619,6,185
20190619,7,11263
20190619,8,14189
20190619,9,1565
20190619,10,2731
20190619,11,396
20190619,12,2157
20190619,12,434
20190620,1,640
20190620,2,828
20190620,3,495
20190620,4,465
20190620,5,1419
20190620,6,192
20190620,7,11530
20190620,8,14487
20190620,9,1611
20190620,10,2687
20190620,11,402
20190620,12,2235
20190620,12,480
20190621,1,286
20190621,2,527
20190621,3,399
20190621,4,530
20190621,5,1583
20190621,6,205
20190621,7,12215
20190621,8,14799
20190621,9,1692
20190621,10,2915
20190621,11,419
20190621,12,2383
20190621,12,516
20190622,1,258
20190622,2,527
20190622,3,284
20190622,4,719
20190622,5,2293
20190622,6,278
20190622,7,13253
20190622,8,16266
20190622,9,1832
20190622,10,2170
20190622,11,444
20190622,12,2387
20190622,12,734
20190623,1,204
20190623,2,249
20190623,3,206
20190623,4,565
20190623,5,2079
20190623,6,260
20190623,7,11554
20190623,8,13583
20190623,9,1509
20190623,10,419
20190623,11,268
20190623,12,2007
20190623,12,598
20190624,1,269
20190624,2,624
20190624,3,421
20190624,4,471
20190624,5,1392
20190624,6,196
20190624,7,10601
20190624,8,14431
20190624,9,1568
20190624,10,3553
20190624,11,422
20190624,12,2255
20190624,12,433
20190625,1,325
20190625,2,1477
20190625,3,411
20190625,4,436
20190625,5,1363
20190625,6,194
20190625,7,11189
20190625,8,14568
20190625,9,1566
20190625,10,2899
20190625,11,416
20190625,12,2236
20190625,12,450
20190626,1,289
20190626,2,501
20190626,3,382
20190626,4,450
20190626,5,1360
20190626,6,191
20190626,7,10870
20190626,8,14064
20190626,9,1506
20190626,10,2675
20190626,11,387
20190626,12,2092
20190626,12,417
20190627,1,266
20190627,2,492
20190627,3,368
20190627,4,486
20190627,5,1371
20190627,6,194
20190627,7,11267
20190627,8,14541
20190627,9,1543
20190627,10,2719
20190627,11,406
20190627,12,2179
20190627,12,455
20190628,1,293
20190628,2,568
20190628,3,427
20190628,4,544
20190628,5,1563
20190628,6,206
20190628,7,12185
20190628,8,14765
20190628,9,1683
20190628,10,2916
20190628,11,430
20190628,12,2384
20190628,12,501
20190629,1,255
20190629,2,438
20190629,3,285
20190629,4,701
20190629,5,2177
20190629,6,276
20190629,7,12377
20190629,8,15271
20190629,9,1648
20190629,10,2118
20190629,11,391
20190629,12,2105
20190629,12,645
20190630,1,208
20190630,2,240
20190630,3,209
20190630,4,589
20190630,5,2084
20190630,6,255
20190630,7,11220
20190630,8,14724
20190630,9,1356
20190630,10,446
20190630,11,253
20190630,12,1975
20190630,12,580
20190701,1,278
20190701,2,580
20190701,3,530
20190701,4,465
20190701,5,1439
20190701,6,180
20190701,7,10628
20190701,8,14815
20190701,9,1520
20190701,10,3457
20190701,11,427
20190701,12,2242
20190701,12,430
20190702,1,264
20190702,2,520
20190702,3,436
20190702,4,433
20190702,5,1529
20190702,6,183
20190702,7,11266
20190702,8,14597
20190702,9,1543
20190702,10,2889
20190702,11,419
20190702,12,2225
20190702,12,452
20190703,1,255
20190703,2,550
20190703,3,394
20190703,4,463
20190703,5,1506
20190703,6,186
20190703,7,11367
20190703,8,14152
20190703,9,1513
20190703,10,2732
20190703,11,411
20190703,12,2196
20190703,12,455
20190704,1,258
20190704,2,505
20190704,3,355
20190704,4,475
20190704,5,1494
20190704,6,192
20190704,7,11531
20190704,8,14308
20190704,9,1509
20190704,10,2689
20190704,11,415
20190704,12,2248
20190704,12,473
20190705,1,311
20190705,2,894
20190705,3,346
20190705,4,535
20190705,5,1715
20190705,6,207
20190705,7,12469
20190705,8,15469
20190705,9,1636
20190705,10,2909
20190705,11,437
20190705,12,2447
20190705,12,520
20190706,1,260
20190706,2,473
20190706,3,259
20190706,4,733
20190706,5,2418
20190706,6,294
20190706,7,13118
20190706,8,16332
20190706,9,1774
20190706,10,2179
20190706,11,450
20190706,12,2403
20190706,12,731
20190707,1,200
20190707,2,232
20190707,3,179
20190707,4,559
20190707,5,2141
20190707,6,263
20190707,7,11206
20190707,8,14574
20190707,9,1356
20190707,10,447
20190707,11,258
20190707,12,1992
20190707,12,583
20190708,1,333
20190708,2,533
20190708,3,374
20190708,4,431
20190708,5,1396
20190708,6,190
20190708,7,10509
20190708,8,14168
20190708,9,1514
20190708,10,3542
20190708,11,418
20190708,12,2213
20190708,12,418
20190709,1,250
20190709,2,493
20190709,3,342
20190709,4,400
20190709,5,1401
20190709,6,186
20190709,7,11043
20190709,8,13896
20190709,9,1501
20190709,10,2897
20190709,11,400
20190709,12,2170
20190709,12,430
20190710,1,1031
20190710,2,1298
20190710,3,321
20190710,4,404
20190710,5,1292
20190710,6,188
20190710,7,10634
20190710,8,12827
20190710,9,1383
20190710,10,2629
20190710,11,374
20190710,12,1998
20190710,12,367
20190711,1,251
20190711,2,479
20190711,3,319
20190711,4,465
20190711,5,1365
20190711,6,192
20190711,7,11075
20190711,8,14167
20190711,9,1535
20190711,10,2718
20190711,11,395
20190711,12,2117
20190711,12,445
20190712,1,264
20190712,2,493
20190712,3,445
20190712,4,525
20190712,5,1556
20190712,6,204
20190712,7,12296
20190712,8,14803
20190712,9,1745
20190712,10,2888
20190712,11,420
20190712,12,2408
20190712,12,505
20190713,1,249
20190713,2,465
20190713,3,288
20190713,4,739
20190713,5,2334
20190713,6,286
20190713,7,12866
20190713,8,15846
20190713,9,1741
20190713,10,2174
20190713,11,419
20190713,12,2310
20190713,12,736
20190714,1,197
20190714,2,231
20190714,3,206
20190714,4,569
20190714,5,2112
20190714,6,265
20190714,7,11373
20190714,8,13339
20190714,9,1427
20190714,10,417
20190714,11,260
20190714,12,1977
20190714,12,603
20190715,1,610
20190715,2,919
20190715,3,571
20190715,4,427
20190715,5,1320
20190715,6,198
20190715,7,10226
20190715,8,13301
20190715,9,1442
20190715,10,3423
20190715,11,395
20190715,12,2176
20190715,12,387
20190716,1,257
20190716,2,495
20190716,3,506
20190716,4,429
20190716,5,1340
20190716,6,196
20190716,7,10987
20190716,8,14005
20190716,9,1498
20190716,10,2892
20190716,11,401
20190716,12,2191
20190716,12,419
20190717,1,258
20190717,2,531
20190717,3,449
20190717,4,477
20190717,5,1430
20190717,6,197
20190717,7,11274
20190717,8,14100
20190717,9,1504
20190717,10,2742
20190717,11,402
20190717,12,2209
20190717,12,444
20190718,1,257
20190718,2,474
20190718,3,402
20190718,4,494
20190718,5,1439
20190718,6,200
20190718,7,11402
20190718,8,14288
20190718,9,1477
20190718,10,2681
20190718,11,404
20190718,12,2189
20190718,12,446
20190719,1,269
20190719,2,481
20190719,3,382
20190719,4,540
20190719,5,1643
20190719,6,208
20190719,7,12271
20190719,8,14688
20190719,9,1570
20190719,10,2845
20190719,11,413
20190719,12,2357
20190719,12,475
20190720,1,243
20190720,2,401
20190720,3,257
20190720,4,698
20190720,5,2181
20190720,6,267
20190720,7,11918
20190720,8,14978
20190720,9,1568
20190720,10,2039
20190720,11,365
20190720,12,2001
20190720,12,599
20190721,1,198
20190721,2,214
20190721,3,193
20190721,4,563
20190721,5,2071
20190721,6,255
20190721,7,10757
20190721,8,14127
20190721,9,1279
20190721,10,440
20190721,11,232
20190721,12,1846
20190721,12,545
20190722,1,634
20190722,2,933
20190722,3,500
20190722,4,468
20190722,5,1480
20190722,6,204
20190722,7,11160
20190722,8,14439
20190722,9,1564
20190722,10,3404
20190722,11,428
20190722,12,2327
20190722,12,429
20190723,1,274
20190723,2,508
20190723,3,399
20190723,4,442
20190723,5,1456
20190723,6,208
20190723,7,11349
20190723,8,14461
20190723,9,1452
20190723,10,2831
20190723,11,419
20190723,12,2312
20190723,12,439
20190724,1,265
20190724,2,502
20190724,3,376
20190724,4,464
20190724,5,1454
20190724,6,209
20190724,7,11275
20190724,8,13868
20190724,9,1455
20190724,10,2660
20190724,11,410
20190724,12,2237
20190724,12,426
20190725,1,330
20190725,2,1428
20190725,3,359
20190725,4,453
20190725,5,1427
20190725,6,216
20190725,7,11171
20190725,8,13780
20190725,9,1378
20190725,10,2618
20190725,11,401
20190725,12,2163
20190725,12,417
20190726,1,301
20190726,2,461
20190726,3,346
20190726,4,490
20190726,5,1558
20190726,6,226
20190726,7,11613
20190726,8,14454
20190726,9,1472
20190726,10,2732
20190726,11,409
20190726,12,2304
20190726,12,436
20190727,1,275
20190727,2,463
20190727,3,251
20190727,4,711
20190727,5,2275
20190727,6,307
20190727,7,12814
20190727,8,15926
20190727,9,1703
20190727,10,2122
20190727,11,417
20190727,12,2339
20190727,12,703
20190728,1,200
20190728,2,217
20190728,3,162
20190728,4,506
20190728,5,2001
20190728,6,291
20190728,7,10748
20190728,8,12491
20190728,9,1312
20190728,10,388
20190728,11,230
20190728,12,1903
20190728,12,514
20190729,1,283
20190729,2,570
20190729,3,364
20190729,4,484
20190729,5,1686
20190729,6,256
20190729,7,11502
20190729,8,15284
20190729,9,1557
20190729,10,3374
20190729,11,464
20190729,12,2432
20190729,12,477
20190730,1,279
20190730,2,530
20190730,3,307
20190730,4,452
20190730,5,1679
20190730,6,259
20190730,7,11906
20190730,8,14536
20190730,9,1518
20190730,10,2776
20190730,11,449
20190730,12,2403
20190730,12,466
20190731,1,290
20190731,2,498
20190731,3,276
20190731,4,477
20190731,5,1798
20190731,6,270
20190731,7,11839
20190731,8,14864
20190731,9,1503
20190731,10,2533
20190731,11,444
20190731,12,2390
20190731,12,451
20190801,1,288
20190801,2,495
20190801,3,339
20190801,4,499
20190801,5,1909
20190801,6,291
20190801,7,12411
20190801,8,14992
20190801,9,1586
20190801,10,2558
20190801,11,454
20190801,12,2488
20190801,12,513
20190802,1,291
20190802,2,455
20190802,3,295
20190802,4,534
20190802,5,2002
20190802,6,295
20190802,7,13049
20190802,8,15738
20190802,9,1675
20190802,10,2721
20190802,11,464
20190802,12,2619
20190802,12,538
20190803,1,257
20190803,2,374
20190803,3,213
20190803,4,628
20190803,5,2334
20190803,6,341
20190803,7,12797
20190803,8,15803
20190803,9,1692
20190803,10,1839
20190803,11,398
20190803,12,2481
20190803,12,619
20190804,1,203
20190804,2,232
20190804,3,161
20190804,4,493
20190804,5,2117
20190804,6,311
20190804,7,11236
20190804,8,14501
20190804,9,1349
20190804,10,416
20190804,11,247
20190804,12,2149
20190804,12,494
20190805,1,317
20190805,2,967
20190805,3,462
20190805,4,453
20190805,5,1694
20190805,6,264
20190805,7,11505
20190805,8,15026
20190805,9,1545
20190805,10,3412
20190805,11,465
20190805,12,2440
20190805,12,432
20190806,1,278
20190806,2,524
20190806,3,387
20190806,4,405
20190806,5,1647
20190806,6,248
20190806,7,11551
20190806,8,14411
20190806,9,1484
20190806,10,2800
20190806,11,431
20190806,12,2325
20190806,12,404
20190807,1,266
20190807,2,544
20190807,3,362
20190807,4,524
20190807,5,1663
20190807,6,238
20190807,7,11670
20190807,8,14284
20190807,9,1494
20190807,10,2708
20190807,11,442
20190807,12,2251
20190807,12,426
20190808,1,342
20190808,2,515
20190808,3,335
20190808,4,515
20190808,5,1660
20190808,6,242
20190808,7,11953
20190808,8,14698
20190808,9,1493
20190808,10,2687
20190808,11,437
20190808,12,2370
20190808,12,431
20190809,1,281
20190809,2,521
20190809,3,322
20190809,4,573
20190809,5,1793
20190809,6,248
20190809,7,12743
20190809,8,15305
20190809,9,1630
20190809,10,2882
20190809,11,456
20190809,12,2568
20190809,12,474
20190810,1,260
20190810,2,459
20190810,3,236
20190810,4,715
20190810,5,2355
20190810,6,314
20190810,7,12995
20190810,8,16150
20190810,9,1747
20190810,10,2038
20190810,11,431
20190810,12,2486
20190810,12,603
20190811,1,198
20190811,2,236
20190811,3,167
20190811,4,501
20190811,5,2129
20190811,6,288
20190811,7,11552
20190811,8,13426
20190811,9,1415
20190811,10,383
20190811,11,250
20190811,12,2036
20190811,12,478
20190812,1,1062
20190812,2,1381
20190812,3,329
20190812,4,442
20190812,5,1479
20190812,6,227
20190812,7,10495
20190812,8,13748
20190812,9,1409
20190812,10,3215
20190812,11,412
20190812,12,2241
20190812,12,351
20190813,1,276
20190813,2,512
20190813,3,415
20190813,4,427
20190813,5,1567
20190813,6,236
20190813,7,11622
20190813,8,14511
20190813,9,1506
20190813,10,2810
20190813,11,431
20190813,12,2399
20190813,12,404
20190814,1,281
20190814,2,527
20190814,3,406
20190814,4,480
20190814,5,1724
20190814,6,242
20190814,7,12394
20190814,8,14698
20190814,9,1596
20190814,10,2776
20190814,11,444
20190814,12,2509
20190814,12,417
20190815,1,212
20190815,2,315
20190815,3,188
20190815,4,524
20190815,5,2252
20190815,6,293
20190815,7,11239
20190815,8,13895
20190815,9,1422
20190815,10,544
20190815,11,293
20190815,12,2012
20190815,12,497
20190816,1,637
20190816,2,950
20190816,3,466
20190816,4,535
20190816,5,1910
20190816,6,263
20190816,7,12317
20190816,8,15180
20190816,9,1698
20190816,10,3330
20190816,11,467
20190816,12,2478
20190816,12,473
20190817,1,251
20190817,2,454
20190817,3,254
20190817,4,619
20190817,5,2354
20190817,6,313
20190817,7,12748
20190817,8,15351
20190817,9,1762
20190817,10,2005
20190817,11,411
20190817,12,2366
20190817,12,566
20190818,1,188
20190818,2,238
20190818,3,187
20190818,4,503
20190818,5,2107
20190818,6,282
20190818,7,11153
20190818,8,14196
20190818,9,1366
20190818,10,426
20190818,11,264
20190818,12,2053
20190818,12,457
20190819,1,266
20190819,2,558
20190819,3,522
20190819,4,441
20190819,5,1486
20190819,6,221
20190819,7,10874
20190819,8,13968
20190819,9,1571
20190819,10,3604
20190819,11,443
20190819,12,2340
20190819,12,359
20190820,1,631
20190820,2,812
20190820,3,556
20190820,4,406
20190820,5,1480
20190820,6,218
20190820,7,11401
20190820,8,14385
20190820,9,1578
20190820,10,2950
20190820,11,431
20190820,12,2320
20190820,12,359
20190821,1,267
20190821,2,510
20190821,3,450
20190821,4,436
20190821,5,1464
20190821,6,210
20190821,7,11258
20190821,8,13773
20190821,9,1497
20190821,10,2760
20190821,11,425
20190821,12,2257
20190821,12,351
20190822,1,269
20190822,2,589
20190822,3,409
20190822,4,454
20190822,5,1489
20190822,6,210
20190822,7,11482
20190822,8,14060
20190822,9,1560
20190822,10,2702
20190822,11,426
20190822,12,2307
20190822,12,369
20190823,1,285
20190823,2,518
20190823,3,399
20190823,4,524
20190823,5,1646
20190823,6,225
20190823,7,12599
20190823,8,15112
20190823,9,1734
20190823,10,2997
20190823,11,453
20190823,12,2561
20190823,12,424
20190824,1,255
20190824,2,483
20190824,3,295
20190824,4,687
20190824,5,2293
20190824,6,297
20190824,7,13226
20190824,8,15932
20190824,9,1871
20190824,10,2246
20190824,11,446
20190824,12,2478
20190824,12,591
20190825,1,197
20190825,2,250
20190825,3,222
20190825,4,536
20190825,5,2103
20190825,6,274
20190825,7,11656
20190825,8,13373
20190825,9,1517
20190825,10,421
20190825,11,278
20190825,12,2126
20190825,12,484
20190826,1,381
20190826,2,1483
20190826,3,462
20190826,4,438
20190826,5,1457
20190826,6,211
20190826,7,10897
20190826,8,15118
20190826,9,1611
20190826,10,3561
20190826,11,439
20190826,12,2333
20190826,12,350
20190827,1,266
20190827,2,493
20190827,3,417
20190827,4,410
20190827,5,1417
20190827,6,202
20190827,7,11172
20190827,8,14038
20190827,9,1573
20190827,10,2922
20190827,11,419
20190827,12,2207
20190827,12,348
20190828,1,272
20190828,2,537
20190828,3,411
20190828,4,465
20190828,5,1500
20190828,6,203
20190828,7,11585
20190828,8,14136
20190828,9,1629
20190828,10,2789
20190828,11,426
20190828,12,2278
20190828,12,377
20190829,1,269
20190829,2,493
20190829,3,410
20190829,4,454
20190829,5,1386
20190829,6,200
20190829,7,11128
20190829,8,14226
20190829,9,1573
20190829,10,2670
20190829,11,413
20190829,12,2282
20190829,12,369
20190830,1,298
20190830,2,570
20190830,3,399
20190830,4,535
20190830,5,1607
20190830,6,209
20190830,7,12590
20190830,8,15158
20190830,9,1793
20190830,10,2986
20190830,11,466
20190830,12,2783
20190830,12,445
20190831,1,263
20190831,2,522
20190831,3,319
20190831,4,716
20190831,5,2267
20190831,6,285
20190831,7,13530
20190831,8,16488
20190831,9,1955
20190831,10,2268
20190831,11,465
20190831,12,3966
20190831,12,653
20190901,1,205
20190901,2,265
20190901,3,242
20190901,4,567
20190901,5,1989
20190901,6,248
20190901,7,11291
20190901,8,14941
20190901,9,1459
20190901,10,473
20190901,11,267
20190901,12,1874
20190901,12,519
20200101,1,158
20200101,2,197
20200101,3,145
20200101,4,464
20200101,5,1969
20200101,6,255
20200101,7,9695
20200101,8,11911
20200101,9,1291
20200101,10,494
20200101,11,214
20200101,12,1823
20200101,12,406
20200102,1,250
20200102,2,541
20200102,3,537
20200102,4,523
20200102,5,1581
20200102,6,200
20200102,7,10229
20200102,8,12348
20200102,9,1356
20200102,10,3778
20200102,11,435
20200102,12,2193
20200102,12,368
20200103,1,256
20200103,2,519
20200103,3,505
20200103,4,544
20200103,5,1640
20200103,6,201
20200103,7,11580
20200103,8,12784
20200103,9,1504
20200103,10,3539
20200103,11,445
20200103,12,2306
20200103,12,383
20200104,1,247
20200104,2,471
20200104,3,312
20200104,4,748
20200104,5,2166
20200104,6,265
20200104,7,11826
20200104,8,13537
20200104,9,1632
20200104,10,2559
20200104,11,426
20200104,12,2191
20200104,12,547
20200105,1,194
20200105,2,236
20200105,3,201
20200105,4,606
20200105,5,1920
20200105,6,241
20200105,7,10053
20200105,8,12292
20200105,9,1198
20200105,10,534
20200105,11,243
20200105,12,1834
20200105,12,436
20200106,1,288
20200106,2,898
20200106,3,504
20200106,4,418
20200106,5,1305
20200106,6,185
20200106,7,9731
20200106,8,12143
20200106,9,1308
20200106,10,3969
20200106,11,399
20200106,12,2034
20200106,12,282
20200107,1,228
20200107,2,443
20200107,3,388
20200107,4,381
20200107,5,1236
20200107,6,176
20200107,7,9796
20200107,8,11247
20200107,9,1214
20200107,10,3115
20200107,11,381
20200107,12,1913
20200107,12,260
20200108,1,310
20200108,2,523
20200108,3,395
20200108,4,470
20200108,5,1362
20200108,6,184
20200108,7,10770
20200108,8,12639
20200108,9,1443
20200108,10,3070
20200108,11,412
20200108,12,2168
20200108,12,334
20200109,1,246
20200109,2,496
20200109,3,352
20200109,4,489
20200109,5,1367
20200109,6,194
20200109,7,10972
20200109,8,12469
20200109,9,1441
20200109,10,3080
20200109,11,425
20200109,12,2242
20200109,12,356
20200110,1,1153
20200110,2,1447
20200110,3,348
20200110,4,551
20200110,5,1520
20200110,6,205
20200110,7,11889
20200110,8,13151
20200110,9,1552
20200110,10,3279
20200110,11,440
20200110,12,2342
20200110,12,397
20200111,1,259
20200111,2,472
20200111,3,251
20200111,4,791
20200111,5,2176
20200111,6,284
20200111,7,12184
20200111,8,14298
20200111,9,1696
20200111,10,2444
20200111,11,439
20200111,12,2259
20200111,12,572
20200112,1,207
20200112,2,248
20200112,3,169
20200112,4,632
20200112,5,1974
20200112,6,263
20200112,7,10390
20200112,8,11487
20200112,9,1344
20200112,10,475
20200112,11,256
20200112,12,1878
20200112,12,468
20200113,1,245
20200113,2,558
20200113,3,346
20200113,4,457
20200113,5,1311
20200113,6,198
20200113,7,10171
20200113,8,12496
20200113,9,1454
20200113,10,3871
20200113,11,422
20200113,12,2241
20200113,12,333
20200114,1,241
20200114,2,494
20200114,3,446
20200114,4,433
20200114,5,1289
20200114,6,193
20200114,7,10681
20200114,8,12391
20200114,9,1463
20200114,10,3213
20200114,11,417
20200114,12,2211
20200114,12,340
20200115,1,602
20200115,2,982
20200115,3,434
20200115,4,482
20200115,5,1317
20200115,6,194
20200115,7,10868
20200115,8,12540
20200115,9,1478
20200115,10,2986
20200115,11,416
20200115,12,2240
20200115,12,349
20200116,1,254
20200116,2,499
20200116,3,498
20200116,4,499
20200116,5,1339
20200116,6,198
20200116,7,11010
20200116,8,12787
20200116,9,1509
20200116,10,3035
20200116,11,418
20200116,12,2262
20200116,12,360
20200117,1,259
20200117,2,529
20200117,3,455
20200117,4,550
20200117,5,1500
20200117,6,201
20200117,7,11806
20200117,8,13195
20200117,9,1648
20200117,10,3287
20200117,11,435
20200117,12,2373
20200117,12,394
20200118,1,257
20200118,2,486
20200118,3,254
20200118,4,818
20200118,5,2171
20200118,6,280
20200118,7,12200
20200118,8,14100
20200118,9,1819
20200118,10,2462
20200118,11,440
20200118,12,2303
20200118,12,570
20200119,1,204
20200119,2,241
20200119,3,166
20200119,4,684
20200119,5,1935
20200119,6,250
20200119,7,10070
20200119,8,12790
20200119,9,1419
20200119,10,507
20200119,11,241
20200119,12,1876
20200119,12,452
20200120,1,603
20200120,2,927
20200120,3,559
20200120,4,509
20200120,5,1322
20200120,6,181
20200120,7,10311
20200120,8,12898
20200120,9,1675
20200120,10,3958
20200120,11,435
20200120,12,2299
20200120,12,328
20200121,1,250
20200121,2,476
20200121,3,426
20200121,4,518
20200121,5,1333
20200121,6,174
20200121,7,10928
20200121,8,12970
20200121,9,1782
20200121,10,3352
20200121,11,441
20200121,12,2339
20200121,12,345
20200122,1,247
20200122,2,544
20200122,3,379
20200122,4,571
20200122,5,1421
20200122,6,165
20200122,7,11101
20200122,8,13340
20200122,9,2055
20200122,10,3278
20200122,11,442
20200122,12,2343
20200122,12,352
20200123,1,268
20200123,2,453
20200123,3,362
20200123,4,741
20200123,5,1785
20200123,6,186
20200123,7,12126
20200123,8,15820
20200123,9,2994
20200123,10,3979
20200123,11,480
20200123,12,2818
20200123,12,450
20200124,1,179
20200124,2,182
20200124,3,114
20200124,4,608
20200124,5,1977
20200124,6,225
20200124,7,8675
20200124,8,14905
20200124,9,3011
20200124,10,821
20200124,11,196
20200124,12,2278
20200124,12,404
20200125,1,98
20200125,2,114
20200125,3,42
20200125,4,184
20200125,5,1625
20200125,6,208
20200125,7,5857
20200125,8,9321
20200125,9,920
20200125,10,321
20200125,11,119
20200125,12,1793
20200125,12,167
20200126,1,174
20200126,2,165
20200126,3,111
20200126,4,386
20200126,5,2169
20200126,6,263
20200126,7,9032
20200126,8,10632
20200126,9,1024
20200126,10,520
20200126,11,182
20200126,12,1780
20200126,12,433
20200127,1,185
20200127,2,187
20200127,3,137
20200127,4,534
20200127,5,1913
20200127,6,219
20200127,7,8543
20200127,8,10936
20200127,9,813
20200127,10,1369
20200127,11,206
20200127,12,1603
20200127,12,383
20200128,1,362
20200128,2,1525
20200128,3,391
20200128,4,475
20200128,5,1356
20200128,6,164
20200128,7,9665
20200128,8,12827
20200128,9,1081
20200128,10,4469
20200128,11,435
20200128,12,2091
20200128,12,321
20200129,1,242
20200129,2,547
20200129,3,394
20200129,4,457
20200129,5,1281
20200129,6,158
20200129,7,10104
20200129,8,12193
20200129,9,1184
20200129,10,3453
20200129,11,416
20200129,12,2068
20200129,12,312
20200130,1,244
20200130,2,514
20200130,3,378
20200130,4,446
20200130,5,1273
20200130,6,158
20200130,7,10382
20200130,8,11898
20200130,9,1233
20200130,10,3297
20200130,11,413
20200130,12,2112
20200130,12,333
20200131,1,272
20200131,2,534
20200131,3,419
20200131,4,468
20200131,5,1384
20200131,6,168
20200131,7,11116
20200131,8,13163
20200131,9,1356
20200131,10,3553
20200131,11,425
20200131,12,2266
20200131,12,338
20200201,1,230
20200201,2,436
20200201,3,279
20200201,4,631
20200201,5,1770
20200201,6,209
20200201,7,10640
20200201,8,12612
20200201,9,1388
20200201,10,2525
20200201,11,382
20200201,12,2009
20200201,12,435
20200202,1,172
20200202,2,197
20200202,3,170
20200202,4,487
20200202,5,1554
20200202,6,182
20200202,7,8729
20200202,8,11217
20200202,9,1020
20200202,10,506
20200202,11,185
20200202,12,1660
20200202,12,328
20200203,1,230
20200203,2,534
20200203,3,495
20200203,4,367
20200203,5,1179
20200203,6,134
20200203,7,9118
20200203,8,11529
20200203,9,1272
20200203,10,3772
20200203,11,388
20200203,12,2084
20200203,12,258
20200204,1,225
20200204,2,457
20200204,3,405
20200204,4,344
20200204,5,1137
20200204,6,133
20200204,7,9500
20200204,8,11269
20200204,9,1248
20200204,10,3040
20200204,11,365
20200204,12,2044
20200204,12,252
20200205,1,266
20200205,2,835
20200205,3,361
20200205,4,365
20200205,5,1130
20200205,6,135
20200205,7,9438
20200205,8,11492
20200205,9,1227
20200205,10,2728
20200205,11,359
20200205,12,2064
20200205,12,245
20200206,1,223
20200206,2,437
20200206,3,317
20200206,4,370
20200206,5,1142
20200206,6,133
20200206,7,9537
20200206,8,11618
20200206,9,1287
20200206,10,2724
20200206,11,368
20200206,12,2097
20200206,12,252
20200207,1,233
20200207,2,455
20200207,3,307
20200207,4,419
20200207,5,1284
20200207,6,136
20200207,7,10422
20200207,8,12262
20200207,9,1572
20200207,10,2976
20200207,11,389
20200207,12,2209
20200207,12,277
20200208,1,227
20200208,2,411
20200208,3,230
20200208,4,618
20200208,5,1733
20200208,6,193
20200208,7,10318
20200208,8,12630
20200208,9,1563
20200208,10,2209
20200208,11,366
20200208,12,2083
20200208,12,393
20200209,1,175
20200209,2,192
20200209,3,152
20200209,4,489
20200209,5,1601
20200209,6,179
20200209,7,9007
20200209,8,10312
20200209,9,1148
20200209,10,380
20200209,11,191
20200209,12,1707
20200209,12,323
20200210,1,1175
20200210,2,1433
20200210,3,346
20200210,4,408
20200210,5,1254
20200210,6,135
20200210,7,9539
20200210,8,11731
20200210,9,1321
20200210,10,3385
20200210,11,388
20200210,12,2053
20200210,12,284
20200211,1,232
20200211,2,471
20200211,3,323
20200211,4,386
20200211,5,1273
20200211,6,134
20200211,7,10122
20200211,8,12349
20200211,9,1329
20200211,10,2826
20200211,11,373
20200211,12,2016
20200211,12,297
20200212,1,218
20200212,2,432
20200212,3,276
20200212,4,385
20200212,5,1196
20200212,6,131
20200212,7,9686
20200212,8,11199
20200212,9,1203
20200212,10,2455
20200212,11,342
20200212,12,1788
20200212,12,245
20200213,1,237
20200213,2,476
20200213,3,423
20200213,4,455
20200213,5,1319
20200213,6,138
20200213,7,10523
20200213,8,12717
20200213,9,1399
20200213,10,2623
20200213,11,374
20200213,12,2074
20200213,12,328
20200214,1,254
20200214,2,487
20200214,3,426
20200214,4,516
20200214,5,1508
20200214,6,155
20200214,7,11638
20200214,8,13702
20200214,9,1536
20200214,10,2804
20200214,11,408
20200214,12,2210
20200214,12,371
20200215,1,253
20200215,2,442
20200215,3,238
20200215,4,700
20200215,5,1948
20200215,6,220
20200215,7,11410
20200215,8,13568
20200215,9,1617
20200215,10,2066
20200215,11,383
20200215,12,2068
20200215,12,509
20200216,1,188
20200216,2,191
20200216,3,141
20200216,4,513
20200216,5,1630
20200216,6,199
20200216,7,8954
20200216,8,11351
20200216,9,1065
20200216,10,340
20200216,11,175
20200216,12,1580
20200216,12,336
20200217,1,577
20200217,2,930
20200217,3,569
20200217,4,377
20200217,5,1186
20200217,6,143
20200217,7,9077
20200217,8,11170
20200217,9,1231
20200217,10,2982
20200217,11,337
20200217,12,1949
20200217,12,244
20200218,1,231
20200218,2,457
20200218,3,505
20200218,4,388
20200218,5,1240
20200218,6,140
20200218,7,9975
20200218,8,11956
20200218,9,1339
20200218,10,2708
20200218,11,380
20200218,12,2106
20200218,12,279
20200219,1,219
20200219,2,493
20200219,3,421
20200219,4,432
20200219,5,1268
20200219,6,141
20200219,7,10230
20200219,8,12063
20200219,9,1401
20200219,10,2674
20200219,11,391
20200219,12,2115
20200219,12,299
20200220,1,557
20200220,2,856
20200220,3,430
20200220,4,425
20200220,5,1280
20200220,6,141
20200220,7,10259
20200220,8,12385
20200220,9,1426
20200220,10,2714
20200220,11,377
20200220,12,2066
20200220,12,299
20200221,1,206
20200221,2,466
20200221,3,334
20200221,4,432
20200221,5,1291
20200221,6,144
20200221,7,10349
20200221,8,12843
20200221,9,1549
20200221,10,2998
20200221,11,375
20200221,12,2081
20200221,12,282
20200222,1,172
20200222,2,414
20200222,3,199
20200222,4,548
20200222,5,1507
20200222,6,179
20200222,7,9317
20200222,8,13172
20200222,9,1661
20200222,10,2200
20200222,11,320
20200222,12,1880
20200222,12,326
20200223,1,121
20200223,2,173
20200223,3,130
20200223,4,385
20200223,5,1300
20200223,6,155
20200223,7,7636
20200223,8,10594
20200223,9,1263
20200223,10,403
20200223,11,152
20200223,12,1540
20200223,12,235
20200224,1,183
20200224,2,577
20200224,3,270
20200224,4,290
20200224,5,962
20200224,6,102
20200224,7,7939
20200224,8,12785
20200224,9,1507
20200224,10,3438
20200224,11,327
20200224,12,1870
20200224,12,195
20200225,1,244
20200225,2,1276
20200225,3,214
20200225,4,239
20200225,5,892
20200225,6,92
20200225,7,7598
20200225,8,11520
20200225,9,1282
20200225,10,2548
20200225,11,274
20200225,12,1596
20200225,12,160
20200226,1,205
20200226,2,471
20200226,3,225
20200226,4,295
20200226,5,964
20200226,6,91
20200226,7,8164
20200226,8,12316
20200226,9,1474
20200226,10,2510
20200226,11,311
20200226,12,1840
20200226,12,198
20200227,1,175
20200227,2,441
20200227,3,212
20200227,4,295
20200227,5,959
20200227,6,92
20200227,7,8182
20200227,8,12178
20200227,9,1424
20200227,10,2430
20200227,11,303
20200227,12,1823
20200227,12,202
20200228,1,182
20200228,2,457
20200228,3,183
20200228,4,292
20200228,5,965
20200228,6,93
20200228,7,8179
20200228,8,11476
20200228,9,1392
20200228,10,2478
20200228,11,289
20200228,12,1778
20200228,12,175
20200229,1,162
20200229,2,396
20200229,3,161
20200229,4,437
20200229,5,1295
20200229,6,121
20200229,7,8234
20200229,8,12627
20200229,9,1714
20200229,10,1988
20200229,11,288
20200229,12,1796
20200229,12,275
20200301,1,116
20200301,2,156
20200301,3,98
20200301,4,310
20200301,5,1150
20200301,6,107
20200301,7,6719
20200301,8,10848
20200301,9,1114
20200301,10,372
20200301,11,114
20200301,12,1365
20200301,12,192
20200302,1,184
20200302,2,501
20200302,3,298
20200302,4,296
20200302,5,990
20200302,6,79
20200302,7,7793
20200302,8,12357
20200302,9,1407
20200302,10,3063
20200302,11,338
20200302,12,1878
20200302,12,202
20200303,1,173
20200303,2,450
20200303,3,272
20200303,4,271
20200303,5,986
20200303,6,81
20200303,7,8128
20200303,8,11554
20200303,9,1453
20200303,10,2471
20200303,11,311
20200303,12,1815
20200303,12,195
20200304,1,169
20200304,2,452
20200304,3,277
20200304,4,297
20200304,5,977
20200304,6,82
20200304,7,8046
20200304,8,11124
20200304,9,1323
20200304,10,2280
20200304,11,301
20200304,12,1813
20200304,12,188
20200305,1,216
20200305,2,804
20200305,3,246
20200305,4,311
20200305,5,988
20200305,6,86
20200305,7,8293
20200305,8,11631
20200305,9,1362
20200305,10,2307
20200305,11,308
20200305,12,1863
20200305,12,203
20200306,1,179
20200306,2,453
20200306,3,235
20200306,4,355
20200306,5,1096
20200306,6,91
20200306,7,9089
20200306,8,12267
20200306,9,1533
20200306,10,2795
20200306,11,331
20200306,12,1984
20200306,12,230
20200307,1,170
20200307,2,391
20200307,3,185
20200307,4,494
20200307,5,1367
20200307,6,127
20200307,7,8800
20200307,8,12498
20200307,9,1685
20200307,10,2103
20200307,11,295
20200307,12,1758
20200307,12,315
20200308,1,128
20200308,2,172
20200308,3,131
20200308,4,379
20200308,5,1296
20200308,6,115
20200308,7,7941
20200308,8,10465
20200308,9,1332
20200308,10,365
20200308,11,158
20200308,12,1525
20200308,12,280
20200309,1,256
20200309,2,524
20200309,3,271
20200309,4,320
20200309,5,1019
20200309,6,79
20200309,7,8095
20200309,8,11609
20200309,9,1390
20200309,10,3224
20200309,11,331
20200309,12,1805
20200309,12,218
20200310,1,1083
20200310,2,1353
20200310,3,229
20200310,4,278
20200310,5,917
20200310,6,78
20200310,7,7946
20200310,8,10926
20200310,9,1239
20200310,10,2691
20200310,11,287
20200310,12,1639
20200310,12,181
20200311,1,182
20200311,2,493
20200311,3,243
20200311,4,354
20200311,5,1038
20200311,6,86
20200311,7,8753
20200311,8,11955
20200311,9,1447
20200311,10,2756
20200311,11,334
20200311,12,1942
20200311,12,235
20200312,1,178
20200312,2,466
20200312,3,224
20200312,4,346
20200312,5,1024
20200312,6,82
20200312,7,8767
20200312,8,11796
20200312,9,1430
20200312,10,2722
20200312,11,322
20200312,12,1906
20200312,12,236
20200313,1,182
20200313,2,480
20200313,3,296
20200313,4,390
20200313,5,1111
20200313,6,94
20200313,7,9431
20200313,8,12428
20200313,9,1560
20200313,10,2903
20200313,11,341
20200313,12,2020
20200313,12,255
20200314,1,184
20200314,2,465
20200314,3,198
20200314,4,552
20200314,5,1470
20200314,6,136
20200314,7,9619
20200314,8,13348
20200314,9,1792
20200314,10,2473
20200314,11,326
20200314,12,1948
20200314,12,372
20200315,1,137
20200315,2,170
20200315,3,120
20200315,4,398
20200315,5,1226
20200315,6,121
20200315,7,7614
20200315,8,11047
20200315,9,1169
20200315,10,448
20200315,11,144
20200315,12,1538
20200315,12,268
20200316,1,546
20200316,2,967
20200316,3,415
20200316,4,339
20200316,5,1016
20200316,6,84
20200316,7,8180
20200316,8,11417
20200316,9,1411
20200316,10,3270
20200316,11,348
20200316,12,1930
20200316,12,219
20200317,1,179
20200317,2,479
20200317,3,481
20200317,4,310
20200317,5,992
20200317,6,86
20200317,7,8532
20200317,8,11461
20200317,9,1390
20200317,10,2827
20200317,11,324
20200317,12,1860
20200317,12,220
20200318,1,189
20200318,2,490
20200318,3,355
20200318,4,360
20200318,5,1049
20200318,6,89
20200318,7,9035
20200318,8,12200
20200318,9,1458
20200318,10,2769
20200318,11,346
20200318,12,1901
20200318,12,253
20200319,1,178
20200319,2,426
20200319,3,313
20200319,4,323
20200319,5,939
20200319,6,85
20200319,7,8351
20200319,8,11118
20200319,9,1299
20200319,10,2660
20200319,11,304
20200319,12,1800
20200319,12,201
20200320,1,545
20200320,2,877
20200320,3,346
20200320,4,403
20200320,5,1141
20200320,6,94
20200320,7,9797
20200320,8,12698
20200320,9,1634
20200320,10,3011
20200320,11,359
20200320,12,2093
20200320,12,279
20200321,1,193
20200321,2,463
20200321,3,193
20200321,4,554
20200321,5,1462
20200321,6,136
20200321,7,10067
20200321,8,13536
20200321,9,1859
20200321,10,2645
20200321,11,345
20200321,12,1969
20200321,12,418
20200322,1,139
20200322,2,185
20200322,3,130
20200322,4,405
20200322,5,1311
20200322,6,120
20200322,7,8617
20200322,8,10885
20200322,9,1414
20200322,10,531
20200322,11,182
20200322,12,1629
20200322,12,340
20200323,1,208
20200323,2,645
20200323,3,297
20200323,4,337
20200323,5,1008
20200323,6,83
20200323,7,8460
20200323,8,12117
20200323,9,1459
20200323,10,3345
20200323,11,356
20200323,12,1895
20200323,12,250
20200324,1,199
20200324,2,500
20200324,3,272
20200324,4,311
20200324,5,992
20200324,6,85
20200324,7,8911
20200324,8,11973
20200324,9,1463
20200324,10,2903
20200324,11,339
20200324,12,1864
20200324,12,256
20200325,1,289
20200325,2,1430
20200325,3,267
20200325,4,389
20200325,5,1012
20200325,6,88
20200325,7,9329
20200325,8,12377
20200325,9,1515
20200325,10,2808
20200325,11,346
20200325,12,1864
20200325,12,282
20200326,1,234
20200326,2,466
20200326,3,236
20200326,4,358
20200326,5,948
20200326,6,84
20200326,7,8840
20200326,8,12253
20200326,9,1402
20200326,10,2738
20200326,11,322
20200326,12,1742
20200326,12,249
20200327,1,213
20200327,2,489
20200327,3,271
20200327,4,419
20200327,5,1071
20200327,6,85
20200327,7,9738
20200327,8,12947
20200327,9,1602
20200327,10,3014
20200327,11,364
20200327,12,1923
20200327,12,293
20200328,1,204
20200328,2,521
20200328,3,196
20200328,4,562
20200328,5,1407
20200328,6,125
20200328,7,9893
20200328,8,13264
20200328,9,1838
20200328,10,2675
20200328,11,337
20200328,12,1938
20200328,12,421
20200329,1,154
20200329,2,192
20200329,3,126
20200329,4,397
20200329,5,1264
20200329,6,113
20200329,7,8517
20200329,8,11863
20200329,9,1319
20200329,10,533
20200329,11,176
20200329,12,1629
20200329,12,340
20200330,1,211
20200330,2,554
20200330,3,270
20200330,4,350
20200330,5,997
20200330,6,79
20200330,7,8729
20200330,8,11957
20200330,9,1481
20200330,10,3410
20200330,11,371
20200330,12,1912
20200330,12,264
20200331,1,226
20200331,2,522
20200331,3,273
20200331,4,330
20200331,5,1005
20200331,6,82
20200331,7,9359
20200331,8,12803
20200331,9,1491
20200331,10,2947
20200331,11,364
20200331,12,1901
20200331,12,274
20200401,1,219
20200401,2,530
20200401,3,288
20200401,4,358
20200401,5,1025
20200401,6,84
20200401,7,9298
20200401,8,12077
20200401,9,1458
20200401,10,2816
20200401,11,357
20200401,12,1892
20200401,12,277
20200402,1,207
20200402,2,488
20200402,3,277
20200402,4,357
20200402,5,1024
20200402,6,84
20200402,7,9379
20200402,8,12281
20200402,9,1487
20200402,10,2793
20200402,11,357
20200402,12,1934
20200402,12,279
20200403,1,218
20200403,2,495
20200403,3,272
20200403,4,400
20200403,5,1133
20200403,6,89
20200403,7,10239
20200403,8,12863
20200403,9,1658
20200403,10,3033
20200403,11,376
20200403,12,2121
20200403,12,312
20200404,1,215
20200404,2,458
20200404,3,212
20200404,4,528
20200404,5,1430
20200404,6,129
20200404,7,10237
20200404,8,13360
20200404,9,1879
20200404,10,2775
20200404,11,349
20200404,12,2054
20200404,12,445
20200405,1,158
20200405,2,185
20200405,3,137
20200405,4,379
20200405,5,1266
20200405,6,113
20200405,7,8590
20200405,8,11861
20200405,9,1318
20200405,10,513
20200405,11,169
20200405,12,1714
20200405,12,347
20200406,1,245
20200406,2,918
20200406,3,310
20200406,4,331
20200406,5,999
20200406,6,78
20200406,7,8681
20200406,8,12332
20200406,9,1454
20200406,10,3395
20200406,11,365
20200406,12,1911
20200406,12,260
20200407,1,207
20200407,2,500
20200407,3,280
20200407,4,316
20200407,5,989
20200407,6,83
20200407,7,9198
20200407,8,11976
20200407,9,1451
20200407,10,2955
20200407,11,347
20200407,12,1860
20200407,12,265
20200408,1,275
20200408,2,516
20200408,3,268
20200408,4,349
20200408,5,1002
20200408,6,87
20200408,7,9380
20200408,8,12162
20200408,9,1478
20200408,10,2791
20200408,11,347
20200408,12,1862
20200408,12,273
20200409,1,207
20200409,2,475
20200409,3,252
20200409,4,346
20200409,5,1004
20200409,6,84
20200409,7,9366
20200409,8,11957
20200409,9,1456
20200409,10,2739
20200409,11,346
20200409,12,1895
20200409,12,274
20200410,1,1159
20200410,2,1453
20200410,3,255
20200410,4,397
20200410,5,1135
20200410,6,89
20200410,7,10367
20200410,8,12883
20200410,9,1643
20200410,10,2999
20200410,11,367
20200410,12,2041
20200410,12,311
20200411,1,219
20200411,2,461
20200411,3,203
20200411,4,547
20200411,5,1471
20200411,6,132
20200411,7,10578
20200411,8,14094
20200411,9,1878
20200411,10,2844
20200411,11,340
20200411,12,1933
20200411,12,467
20200412,1,157
20200412,2,179
20200412,3,131
20200412,4,386
20200412,5,1288
20200412,6,116
20200412,7,8525
20200412,8,10646
20200412,9,1335
20200412,10,463
20200412,11,158
20200412,12,1531
20200412,12,357
20200413,1,221
20200413,2,532
20200413,3,318
20200413,4,340
20200413,5,1038
20200413,6,83
20200413,7,9002
20200413,8,12286
20200413,9,1545
20200413,10,3363
20200413,11,367
20200413,12,1930
20200413,12,288
20200414,1,224
20200414,2,499
20200414,3,344
20200414,4,339
20200414,5,1128
20200414,6,87
20200414,7,10287
20200414,8,12683
20200414,9,1637
20200414,10,3021
20200414,11,375
20200414,12,1936
20200414,12,326
20200415,1,195
20200415,2,409
20200415,3,200
20200415,4,456
20200415,5,1433
20200415,6,105
20200415,7,10546
20200415,8,13279
20200415,9,1712
20200415,10,1725
20200415,11,279
20200415,12,1721
20200415,12,484
20200416,1,549
20200416,2,995
20200416,3,373
20200416,4,374
20200416,5,1059
20200416,6,88
20200416,7,9602
20200416,8,12535
20200416,9,1526
20200416,10,2882
20200416,11,356
20200416,12,1841
20200416,12,315
20200417,1,221
20200417,2,471
20200417,3,437
20200417,4,378
20200417,5,1042
20200417,6,90
20200417,7,9824
20200417,8,12187
20200417,9,1556
20200417,10,2797
20200417,11,352
20200417,12,1824
20200417,12,279
20200418,1,229
20200418,2,497
20200418,3,246
20200418,4,573
20200418,5,1620
20200418,6,135
20200418,7,11223
20200418,8,14090
20200418,9,2026
20200418,10,2721
20200418,11,374
20200418,12,1988
20200418,12,561
20200419,1,163
20200419,2,168
20200419,3,138
20200419,4,370
20200419,5,1259
20200419,6,120
20200419,7,8151
20200419,8,11176
20200419,9,1159
20200419,10,443
20200419,11,140
20200419,12,1415
20200419,12,334
20200420,1,560
20200420,2,948
20200420,3,512
20200420,4,341
20200420,5,1014
20200420,6,84
20200420,7,8887
20200420,8,12102
20200420,9,1518
20200420,10,3289
20200420,11,364
20200420,12,1881
20200420,12,270
20200421,1,217
20200421,2,488
20200421,3,377
20200421,4,326
20200421,5,1010
20200421,6,93
20200421,7,9441
20200421,8,11632
20200421,9,1466
20200421,10,2874
20200421,11,366
20200421,12,1911
20200421,12,276
20200422,1,212
20200422,2,607
20200422,3,331
20200422,4,366
20200422,5,993
20200422,6,96
20200422,7,9468
20200422,8,11560
20200422,9,1476
20200422,10,2663
20200422,11,361
20200422,12,1905
20200422,12,268
20200423,1,220
20200423,2,483
20200423,3,312
20200423,4,390
20200423,5,1036
20200423,6,96
20200423,7,9784
20200423,8,11993
20200423,9,1529
20200423,10,2738
20200423,11,374
20200423,12,2010
20200423,12,295
20200424,1,232
20200424,2,497
20200424,3,312
20200424,4,450
20200424,5,1181
20200424,6,100
20200424,7,10810
20200424,8,12752
20200424,9,1698
20200424,10,2999
20200424,11,401
20200424,12,2139
20200424,12,345
20200425,1,240
20200425,2,494
20200425,3,242
20200425,4,621
20200425,5,1623
20200425,6,151
20200425,7,11224
20200425,8,13917
20200425,9,1940
20200425,10,2905
20200425,11,390
20200425,12,2059
20200425,12,555
20200426,1,176
20200426,2,210
20200426,3,165
20200426,4,446
20200426,5,1527
20200426,6,138
20200426,7,9866
20200426,8,11386
20200426,9,1499
20200426,10,515
20200426,11,228
20200426,12,1732
20200426,12,466
20200427,1,297
20200427,2,1447
20200427,3,342
20200427,4,378
20200427,5,1075
20200427,6,98
20200427,7,9334
20200427,8,13000
20200427,9,1512
20200427,10,3610
20200427,11,402
20200427,12,1921
20200427,12,308
20200428,1,234
20200428,2,545
20200428,3,339
20200428,4,374
20200428,5,1104
20200428,6,100
20200428,7,10073
20200428,8,12600
20200428,9,1544
20200428,10,3192
20200428,11,413
20200428,12,1974
20200428,12,343
20200429,1,256
20200429,2,596
20200429,3,370
20200429,4,442
20200429,5,1237
20200429,6,107
20200429,7,11009
20200429,8,13181
20200429,9,1709
20200429,10,3225
20200429,11,440
20200429,12,2207
20200429,12,394
20200430,1,224
20200430,2,366
20200430,3,197
20200430,4,493
20200430,5,1742
20200430,6,180
20200430,7,11319
20200430,8,13832
20200430,9,1848
20200430,10,961
20200430,11,330
20200430,12,2091
20200430,12,598
20200501,1,241
20200501,2,458
20200501,3,287
20200501,4,541
20200501,5,1789
20200501,6,194
20200501,7,11459
20200501,8,14196
20200501,9,1950
20200501,10,2558
20200501,11,376
20200501,12,2055
20200501,12,611
20200502,1,243
20200502,2,442
20200502,3,245
20200502,4,522
20200502,5,1799
20200502,6,200
20200502,7,11278
20200502,8,14232
20200502,9,1915
20200502,10,2612
20200502,11,353
20200502,12,1981
20200502,12,603
20200503,1,198
20200503,2,210
20200503,3,167
20200503,4,401
20200503,5,1623
20200503,6,179
20200503,7,9789
20200503,8,12992
20200503,9,1389
20200503,10,519
20200503,11,213
20200503,12,1682
20200503,12,516
20200504,1,285
20200504,2,649
20200504,3,384
20200504,4,457
20200504,5,1590
20200504,6,138
20200504,7,10772
20200504,8,14506
20200504,9,1657
20200504,10,3831
20200504,11,515
20200504,12,2089
20200504,12,533
20200505,1,215
20200505,2,330
20200505,3,214
20200505,4,390
20200505,5,1831
20200505,6,147
20200505,7,10216
20200505,8,12890
20200505,9,1480
20200505,10,753
20200505,11,277
20200505,12,1733
20200505,12,591
20200506,1,284
20200506,2,1027
20200506,3,400
20200506,4,410
20200506,5,1214
20200506,6,102
20200506,7,9758
20200506,8,13120
20200506,9,1479
20200506,10,3304
20200506,11,438
20200506,12,2033
20200506,12,410
20200507,1,256
20200507,2,560
20200507,3,382
20200507,4,397
20200507,5,1434
20200507,6,102
20200507,7,10253
20200507,8,13153
20200507,9,1517
20200507,10,2969
20200507,11,425
20200507,12,2023
20200507,12,418
20200508,1,331
20200508,2,514
20200508,3,332
20200508,4,397
20200508,5,1573
20200508,6,96
20200508,7,11184
20200508,8,13102
20200508,9,1665
20200508,10,3018
20200508,11,414
20200508,12,2153
20200508,12,414
20200509,1,226
20200509,2,381
20200509,3,202
20200509,4,499
20200509,5,1476
20200509,6,140
20200509,7,9802
20200509,8,12390
20200509,9,1484
20200509,10,2762
20200509,11,321
20200509,12,1728
20200509,12,445
20200510,1,186
20200510,2,211
20200510,3,157
20200510,4,413
20200510,5,1524
20200510,6,137
20200510,7,9493
20200510,8,11182
20200510,9,1354
20200510,10,584
20200510,11,210
20200510,12,1709
20200510,12,485
20200511,1,1231
20200511,2,1576
20200511,3,318
20200511,4,339
20200511,5,1098
20200511,6,101
20200511,7,9421
20200511,8,12817
20200511,9,1441
20200511,10,3556
20200511,11,415
20200511,12,1974
20200511,12,341
20200512,1,247
20200512,2,527
20200512,3,295
20200512,4,313
20200512,5,1079
20200512,6,108
20200512,7,9847
20200512,8,12083
20200512,9,1433
20200512,10,3030
20200512,11,405
20200512,12,1925
20200512,12,336
20200513,1,260
20200513,2,602
20200513,3,311
20200513,4,410
20200513,5,1182
20200513,6,112
20200513,7,10866
20200513,8,12978
20200513,9,1679
20200513,10,3040
20200513,11,430
20200513,12,2022
20200513,12,438
20200514,1,263
20200514,2,556
20200514,3,304
20200514,4,418
20200514,5,1285
20200514,6,111
20200514,7,11009
20200514,8,13332
20200514,9,1707
20200514,10,3003
20200514,11,414
20200514,12,1986
20200514,12,449
20200515,1,586
20200515,2,984
20200515,3,293
20200515,4,435
20200515,5,1209
20200515,6,111
20200515,7,11153
20200515,8,12701
20200515,9,1642
20200515,10,3058
20200515,11,403
20200515,12,1902
20200515,12,380
20200516,1,295
20200516,2,601
20200516,3,252
20200516,4,717
20200516,5,1947
20200516,6,165
20200516,7,12671
20200516,8,15221
20200516,9,2360
20200516,10,3290
20200516,11,434
20200516,12,2041
20200516,12,851
20200517,1,236
20200517,2,259
20200517,3,171
20200517,4,529
20200517,5,1835
20200517,6,154
20200517,7,11480
20200517,8,14354
20200517,9,1821
20200517,10,667
20200517,11,245
20200517,12,1796
20200517,12,762
20200518,1,274
20200518,2,594
20200518,3,349
20200518,4,394
20200518,5,1134
20200518,6,105
20200518,7,9956
20200518,8,12858
20200518,9,1622
20200518,10,3654
20200518,11,424
20200518,12,1877
20200518,12,426
20200519,1,271
20200519,2,566
20200519,3,445
20200519,4,404
20200519,5,1178
20200519,6,109
20200519,7,10881
20200519,8,13071
20200519,9,1801
20200519,10,3263
20200519,11,427
20200519,12,1909
20200519,12,481
20200520,1,618
20200520,2,1089
20200520,3,685
20200520,4,468
20200520,5,1265
20200520,6,116
20200520,7,11601
20200520,8,13757
20200520,9,1921
20200520,10,3158
20200520,11,449
20200520,12,2036
20200520,12,548
20200521,1,281
20200521,2,590
20200521,3,480
20200521,4,461
20200521,5,1278
20200521,6,119
20200521,7,11740
20200521,8,13546
20200521,9,1889
20200521,10,3096
20200521,11,447
20200521,12,2024
20200521,12,541
20200522,1,289
20200522,2,679
20200522,3,415
20200522,4,504
20200522,5,1356
20200522,6,125
20200522,7,12399
20200522,8,14077
20200522,9,2029
20200522,10,3323
20200522,11,459
20200522,12,2157
20200522,12,560
20200523,1,303
20200523,2,580
20200523,3,285
20200523,4,707
20200523,5,1967
20200523,6,188
20200523,7,13340
20200523,8,15728
20200523,9,2421
20200523,10,3134
20200523,11,480
20200523,12,2153
20200523,12,901
20200524,1,221
20200524,2,243
20200524,3,192
20200524,4,519
20200524,5,1699
20200524,6,167
20200524,7,11156
20200524,8,12560
20200524,9,1790
20200524,10,612
20200524,11,239
20200524,12,1708
20200524,12,684
20200525,1,351
20200525,2,1529
20200525,3,470
20200525,4,439
20200525,5,1218
20200525,6,115
20200525,7,10672
20200525,8,13813
20200525,9,1825
20200525,10,3892
20200525,11,445
20200525,12,1988
20200525,12,481
20200526,1,293
20200526,2,582
20200526,3,472
20200526,4,409
20200526,5,1175
20200526,6,116
20200526,7,10957
20200526,8,13747
20200526,9,1732
20200526,10,3259
20200526,11,426
20200526,12,1933
20200526,12,462
20200527,1,285
20200527,2,620
20200527,3,433
20200527,4,453
20200527,5,1217
20200527,6,117
20200527,7,11495
20200527,8,13716
20200527,9,1861
20200527,10,3133
20200527,11,450
20200527,12,2036
20200527,12,512
20200528,1,285
20200528,2,597
20200528,3,377
20200528,4,445
20200528,5,1177
20200528,6,119
20200528,7,11340
20200528,8,13890
20200528,9,1832
20200528,10,3085
20200528,11,439
20200528,12,2021
20200528,12,485
20200529,1,313
20200529,2,618
20200529,3,396
20200529,4,500
20200529,5,1307
20200529,6,126
20200529,7,12292
20200529,8,14606
20200529,9,2007
20200529,10,3274
20200529,11,468
20200529,12,2230
20200529,12,529
20200530,1,286
20200530,2,556
20200530,3,293
20200530,4,668
20200530,5,1831
20200530,6,191
20200530,7,12831
20200530,8,15861
20200530,9,2265
20200530,10,2888
20200530,11,462
20200530,12,2193
20200530,12,790
20200531,1,224
20200531,2,254
20200531,3,203
20200531,4,500
20200531,5,1617
20200531,6,171
20200531,7,10904
20200531,8,14125
20200531,9,1641
20200531,10,596
20200531,11,239
20200531,12,1836
20200531,12,628
20200601,1,304
20200601,2,633
20200601,3,495
20200601,4,421
20200601,5,1188
20200601,6,110
20200601,7,10375
20200601,8,14463
20200601,9,1759
20200601,10,3938
20200601,11,456
20200601,12,2007
20200601,12,458
20200602,1,276
20200602,2,540
20200602,3,474
20200602,4,377
20200602,5,1106
20200602,6,110
20200602,7,10410
20200602,8,13539
20200602,9,1650
20200602,10,3194
20200602,11,411
20200602,12,1897
20200602,12,401
20200603,1,290
20200603,2,595
20200603,3,417
20200603,4,433
20200603,5,1153
20200603,6,111
20200603,7,11034
20200603,8,13895
20200603,9,1732
20200603,10,3056
20200603,11,433
20200603,12,1993
20200603,12,468
20200604,1,289
20200604,2,547
20200604,3,357
20200604,4,432
20200604,5,1139
20200604,6,114
20200604,7,10954
20200604,8,13845
20200604,9,1721
20200604,10,2933
20200604,11,433
20200604,12,2029
20200604,12,468
20200605,1,339
20200605,2,900
20200605,3,353
20200605,4,497
20200605,5,1300
20200605,6,129
20200605,7,12112
20200605,8,15061
20200605,9,1923
20200605,10,3271
20200605,11,469
20200605,12,2270
20200605,12,532
20200606,1,289
20200606,2,442
20200606,3,279
20200606,4,654
20200606,5,1851
20200606,6,210
20200606,7,12470
20200606,8,15860
20200606,9,2131
20200606,10,1081
20200606,11,402
20200606,12,2139
20200606,12,775
20200607,1,237
20200607,2,241
20200607,3,237
20200607,4,488
20200607,5,1647
20200607,6,178
20200607,7,10752
20200607,8,14382
20200607,9,1594
20200607,10,531
20200607,11,259
20200607,12,1870
20200607,12,630
20200608,1,380
20200608,2,632
20200608,3,379
20200608,4,393
20200608,5,1131
20200608,6,116
20200608,7,10230
20200608,8,14150
20200608,9,1700
20200608,10,3938
20200608,11,456
20200608,12,2103
20200608,12,439
20200609,1,306
20200609,2,562
20200609,3,339
20200609,4,356
20200609,5,1098
20200609,6,118
20200609,7,10725
20200609,8,13966
20200609,9,1687
20200609,10,3140
20200609,11,439
20200609,12,2095
20200609,12,438
20200610,1,1291
20200610,2,1535
20200610,3,331
20200610,4,408
20200610,5,1080
20200610,6,122
20200610,7,10639
20200610,8,13399
20200610,9,1582
20200610,10,2854
20200610,11,424
20200610,12,2049
20200610,12,426
20200611,1,315
20200611,2,550
20200611,3,308
20200611,4,425
20200611,5,1136
20200611,6,119
20200611,7,11102
20200611,8,14500
20200611,9,1690
20200611,10,2871
20200611,11,435
20200611,12,2119
20200611,12,483
20200612,1,311
20200612,2,550
20200612,3,321
20200612,4,464
20200612,5,1263
20200612,6,133
20200612,7,11793
20200612,8,14331
20200612,9,1813
20200612,10,3126
20200612,11,447
20200612,12,2223
20200612,12,507
20200613,1,312
20200613,2,518
20200613,3,249
20200613,4,649
20200613,5,1743
20200613,6,195
20200613,7,12280
20200613,8,15705
20200613,9,1994
20200613,10,2496
20200613,11,446
20200613,12,2117
20200613,12,750
20200614,1,234
20200614,2,237
20200614,3,181
20200614,4,457
20200614,5,1594
20200614,6,174
20200614,7,10611
20200614,8,12850
20200614,9,1581
20200614,10,454
20200614,11,247
20200614,12,1805
20200614,12,617
20200615,1,618
20200615,2,1018
20200615,3,396
20200615,4,371
20200615,5,1150
20200615,6,119
20200615,7,10354
20200615,8,13949
20200615,9,1695
20200615,10,3666
20200615,11,451
20200615,12,2173
20200615,12,440
20200616,1,306
20200616,2,554
20200616,3,579
20200616,4,343
20200616,5,1126
20200616,6,124
20200616,7,10785
20200616,8,13647
20200616,9,1654
20200616,10,3024
20200616,11,433
20200616,12,2125
20200616,12,428
20200617,1,302
20200617,2,612
20200617,3,489
20200617,4,383
20200617,5,1122
20200617,6,127
20200617,7,10930
20200617,8,13745
20200617,9,1646
20200617,10,2798
20200617,11,427
20200617,12,2087
20200617,12,434
20200618,1,282
20200618,2,520
20200618,3,400
20200618,4,367
20200618,5,1092
20200618,6,128
20200618,7,10751
20200618,8,13507
20200618,9,1590
20200618,10,2937
20200618,11,412
20200618,12,1998
20200618,12,411
20200619,1,308
20200619,2,560
20200619,3,380
20200619,4,440
20200619,5,1295
20200619,6,141
20200619,7,11999
20200619,8,14528
20200619,9,1865
20200619,10,3208
20200619,11,457
20200619,12,2340
20200619,12,492
20200620,1,298
20200620,2,528
20200620,3,269
20200620,4,590
20200620,5,1794
20200620,6,210
20200620,7,12480
20200620,8,15612
20200620,9,2071
20200620,10,2390
20200620,11,455
20200620,12,2296
20200620,12,687
20200621,1,234
20200621,2,239
20200621,3,195
20200621,4,434
20200621,5,1588
20200621,6,189
20200621,7,10713
20200621,8,14127
20200621,9,1534
20200621,10,457
20200621,11,256
20200621,12,1954
20200621,12,545
20200622,1,647
20200622,2,1134
20200622,3,451
20200622,4,360
20200622,5,1126
20200622,6,129
20200622,7,10302
20200622,8,14111
20200622,9,1698
20200622,10,3531
20200622,11,448
20200622,12,2201
20200622,12,384
20200623,1,301
20200623,2,544
20200623,3,364
20200623,4,339
20200623,5,1121
20200623,6,128
20200623,7,10793
20200623,8,14016
20200623,9,1701
20200623,10,3017
20200623,11,431
20200623,12,2172
20200623,12,398
20200624,1,271
20200624,2,469
20200624,3,312
20200624,4,328
20200624,5,1021
20200624,6,126
20200624,7,9850
20200624,8,12170
20200624,9,1411
20200624,10,2567
20200624,11,393
20200624,12,1885
20200624,12,300
20200625,1,354
20200625,2,1379
20200625,3,350
20200625,4,382
20200625,5,1147
20200625,6,126
20200625,7,10621
20200625,8,13281
20200625,9,1584
20200625,10,2744
20200625,11,407
20200625,12,1978
20200625,12,383
20200626,1,314
20200626,2,548
20200626,3,358
20200626,4,468
20200626,5,1369
20200626,6,144
20200626,7,12006
20200626,8,15473
20200626,9,1868
20200626,10,3073
20200626,11,459
20200626,12,2336
20200626,12,488
20200627,1,293
20200627,2,497
20200627,3,280
20200627,4,618
20200627,5,1884
20200627,6,216
20200627,7,12519
20200627,8,15895
20200627,9,2069
20200627,10,2300
20200627,11,449
20200627,12,2293
20200627,12,693
20200628,1,220
20200628,2,256
20200628,3,198
20200628,4,450
20200628,5,1702
20200628,6,194
20200628,7,10860
20200628,8,13084
20200628,9,1631
20200628,10,413
20200628,11,267
20200628,12,1943
20200628,12,565
20200629,1,289
20200629,2,583
20200629,3,415
20200629,4,357
20200629,5,1119
20200629,6,124
20200629,7,9752
20200629,8,13063
20200629,9,1551
20200629,10,3474
20200629,11,424
20200629,12,2039
20200629,12,347
20200630,1,287
20200630,2,547
20200630,3,388
20200630,4,347
20200630,5,1135
20200630,6,123
20200630,7,10358
20200630,8,13551
20200630,9,1549
20200630,10,2887
20200630,11,418
20200630,12,2008
20200630,12,360
